focal,estimator,experience,industry,region,health,yearFE,sample,identified,b,se
union,pooled,0,0,0,0,0,full,1,0.179265,0.030008
union,pooled,0,0,0,0,0,nohealth,1,0.177686,0.030150
union,pooled,0,0,0,0,0,trim,1,0.181910,0.027619
union,pooled,0,0,0,0,1,full,1,0.183720,0.029570
union,pooled,0,0,0,0,1,nohealth,1,0.182831,0.029733
union,pooled,0,0,0,0,1,trim,1,0.186272,0.027240
union,pooled,1,0,0,0,0,full,1,0.167267,0.029970
union,pooled,1,0,0,0,0,nohealth,1,0.165759,0.030145
union,pooled,1,0,0,0,0,trim,1,0.171279,0.027614
union,pooled,1,0,0,0,1,full,1,0.179899,0.029260
union,pooled,1,0,0,0,1,nohealth,1,0.179195,0.029405
union,pooled,1,0,0,0,1,trim,1,0.182008,0.027000
union,pooled,0,1,0,0,0,full,1,0.129940,0.029052
union,pooled,0,1,0,0,0,nohealth,1,0.128841,0.029244
union,pooled,0,1,0,0,0,trim,1,0.126035,0.027227
union,pooled,0,1,0,0,1,full,1,0.139944,0.028612
union,pooled,0,1,0,0,1,nohealth,1,0.139721,0.028783
union,pooled,0,1,0,0,1,trim,1,0.135418,0.026820
union,pooled,1,1,0,0,0,full,1,0.124446,0.029202
union,pooled,1,1,0,0,0,nohealth,1,0.123685,0.029408
union,pooled,1,1,0,0,0,trim,1,0.121156,0.027376
union,pooled,1,1,0,0,1,full,1,0.137913,0.028281
union,pooled,1,1,0,0,1,nohealth,1,0.137856,0.028430
union,pooled,1,1,0,0,1,trim,1,0.133639,0.026419
union,pooled,0,0,1,0,0,full,1,0.180195,0.030238
union,pooled,0,0,1,0,0,nohealth,1,0.178462,0.030385
union,pooled,0,0,1,0,0,trim,1,0.181992,0.027860
union,pooled,0,0,1,0,1,full,1,0.183955,0.029754
union,pooled,0,0,1,0,1,nohealth,1,0.182875,0.029927
union,pooled,0,0,1,0,1,trim,1,0.185823,0.027450
union,pooled,1,0,1,0,0,full,1,0.167534,0.030155
union,pooled,1,0,1,0,0,nohealth,1,0.165876,0.030339
union,pooled,1,0,1,0,0,trim,1,0.170829,0.027842
union,pooled,1,0,1,0,1,full,1,0.180631,0.029401
union,pooled,1,0,1,0,1,nohealth,1,0.179734,0.029559
union,pooled,1,0,1,0,1,trim,1,0.182078,0.027172
union,pooled,0,1,1,0,0,full,1,0.128897,0.028786
union,pooled,0,1,1,0,0,nohealth,1,0.127480,0.028965
union,pooled,0,1,1,0,0,trim,1,0.124557,0.026928
union,pooled,0,1,1,0,1,full,1,0.138239,0.028282
union,pooled,0,1,1,0,1,nohealth,1,0.137656,0.028447
union,pooled,0,1,1,0,1,trim,1,0.133438,0.026479
union,pooled,1,1,1,0,0,full,1,0.122776,0.028872
union,pooled,1,1,1,0,0,nohealth,1,0.121697,0.029072
union,pooled,1,1,1,0,0,trim,1,0.119203,0.027050
union,pooled,1,1,1,0,1,full,1,0.136530,0.027934
union,pooled,1,1,1,0,1,nohealth,1,0.136125,0.028081
union,pooled,1,1,1,0,1,trim,1,0.132011,0.026071
union,pooled,0,0,0,1,0,full,1,0.178120,0.030074
union,pooled,0,0,0,1,0,nohealth,1,0.177686,0.030150
union,pooled,0,0,0,1,0,trim,1,0.180635,0.027669
union,pooled,0,0,0,1,1,full,1,0.182867,0.029615
union,pooled,0,0,0,1,1,nohealth,1,0.182831,0.029733
union,pooled,0,0,0,1,1,trim,1,0.185253,0.027270
union,pooled,1,0,0,1,0,full,1,0.166196,0.030024
union,pooled,1,0,0,1,0,nohealth,1,0.165759,0.030145
union,pooled,1,0,0,1,0,trim,1,0.170074,0.027651
union,pooled,1,0,0,1,1,full,1,0.179037,0.029302
union,pooled,1,0,0,1,1,nohealth,1,0.179195,0.029405
union,pooled,1,0,0,1,1,trim,1,0.180967,0.027029
union,pooled,0,1,0,1,0,full,1,0.128798,0.029092
union,pooled,0,1,0,1,0,nohealth,1,0.128841,0.029244
union,pooled,0,1,0,1,0,trim,1,0.124795,0.027252
union,pooled,0,1,0,1,1,full,1,0.139056,0.028641
union,pooled,0,1,0,1,1,nohealth,1,0.139721,0.028783
union,pooled,0,1,0,1,1,trim,1,0.134388,0.026833
union,pooled,1,1,0,1,0,full,1,0.123378,0.029237
union,pooled,1,1,0,1,0,nohealth,1,0.123685,0.029408
union,pooled,1,1,0,1,0,trim,1,0.119978,0.027394
union,pooled,1,1,0,1,1,full,1,0.137025,0.028307
union,pooled,1,1,0,1,1,nohealth,1,0.137856,0.028430
union,pooled,1,1,0,1,1,trim,1,0.132603,0.026430
union,pooled,0,0,1,1,0,full,1,0.179013,0.030315
union,pooled,0,0,1,1,0,nohealth,1,0.178462,0.030385
union,pooled,0,0,1,1,0,trim,1,0.180672,0.027925
union,pooled,0,0,1,1,1,full,1,0.183066,0.029812
union,pooled,0,0,1,1,1,nohealth,1,0.182875,0.029927
union,pooled,0,0,1,1,1,trim,1,0.184760,0.027495
union,pooled,1,0,1,1,0,full,1,0.166426,0.030220
union,pooled,1,0,1,1,0,nohealth,1,0.165876,0.030339
union,pooled,1,0,1,1,0,trim,1,0.169579,0.027893
union,pooled,1,0,1,1,1,full,1,0.179727,0.029455
union,pooled,1,0,1,1,1,nohealth,1,0.179734,0.029559
union,pooled,1,0,1,1,1,trim,1,0.180987,0.027215
union,pooled,0,1,1,1,0,full,1,0.127720,0.028828
union,pooled,0,1,1,1,0,nohealth,1,0.127480,0.028965
union,pooled,0,1,1,1,0,trim,1,0.123271,0.026955
union,pooled,0,1,1,1,1,full,1,0.137317,0.028314
union,pooled,0,1,1,1,1,nohealth,1,0.137656,0.028447
union,pooled,0,1,1,1,1,trim,1,0.132364,0.026496
union,pooled,1,1,1,1,0,full,1,0.121672,0.028909
union,pooled,1,1,1,1,0,nohealth,1,0.121697,0.029072
union,pooled,1,1,1,1,0,trim,1,0.117980,0.027071
union,pooled,1,1,1,1,1,full,1,0.135603,0.027962
union,pooled,1,1,1,1,1,nohealth,1,0.136125,0.028081
union,pooled,1,1,1,1,1,trim,1,0.130925,0.026086
union,between,0,0,0,0,0,full,1,0.252770,0.049730
union,between,0,0,0,0,0,nohealth,1,0.246957,0.049508
union,between,0,0,0,0,0,trim,1,0.264845,0.045632
union,between,0,0,0,0,1,full,1,0.252770,0.049730
union,between,0,0,0,0,1,nohealth,1,0.254355,0.050092
union,between,0,0,0,0,1,trim,1,0.262322,0.045222
union,between,1,0,0,0,0,full,1,0.256666,0.050286
union,between,1,0,0,0,0,nohealth,1,0.250316,0.050039
union,between,1,0,0,0,0,trim,1,0.269155,0.045936
union,between,1,0,0,0,1,full,1,0.256666,0.050286
union,between,1,0,0,0,1,nohealth,1,0.259049,0.050678
union,between,1,0,0,0,1,trim,1,0.260142,0.045783
union,between,0,1,0,0,0,full,1,0.156990,0.048773
union,between,0,1,0,0,0,nohealth,1,0.152844,0.048499
union,between,0,1,0,0,0,trim,1,0.166170,0.044008
union,between,0,1,0,0,1,full,1,0.156990,0.048773
union,between,0,1,0,0,1,nohealth,1,0.157641,0.049369
union,between,0,1,0,0,1,trim,1,0.154126,0.043620
union,between,1,1,0,0,0,full,1,0.167048,0.049130
union,between,1,1,0,0,0,nohealth,1,0.161982,0.048811
union,between,1,1,0,0,0,trim,1,0.177078,0.044163
union,between,1,1,0,0,1,full,1,0.167048,0.049130
union,between,1,1,0,0,1,nohealth,1,0.168092,0.049728
union,between,1,1,0,0,1,trim,1,0.159748,0.044012
union,between,0,0,1,0,0,full,1,0.253760,0.049514
union,between,0,0,1,0,0,nohealth,1,0.248156,0.049284
union,between,0,0,1,0,0,trim,1,0.264727,0.045428
union,between,0,0,1,0,1,full,1,0.253760,0.049514
union,between,0,0,1,0,1,nohealth,1,0.254299,0.049869
union,between,0,0,1,0,1,trim,1,0.262532,0.045107
union,between,1,0,1,0,0,full,1,0.257589,0.050039
union,between,1,0,1,0,0,nohealth,1,0.251616,0.049784
union,between,1,0,1,0,0,trim,1,0.269524,0.045710
union,between,1,0,1,0,1,full,1,0.257589,0.050039
union,between,1,0,1,0,1,nohealth,1,0.258806,0.050430
union,between,1,0,1,0,1,trim,1,0.260936,0.045636
union,between,0,1,1,0,0,full,1,0.152446,0.048292
union,between,0,1,1,0,0,nohealth,1,0.148794,0.047994
union,between,0,1,1,0,0,trim,1,0.160371,0.043480
union,between,0,1,1,0,1,full,1,0.152446,0.048292
union,between,0,1,1,0,1,nohealth,1,0.150803,0.048860
union,between,0,1,1,0,1,trim,1,0.150515,0.043190
union,between,1,1,1,0,0,full,1,0.161942,0.048631
union,between,1,1,1,0,0,nohealth,1,0.157626,0.048282
union,between,1,1,1,0,0,trim,1,0.171311,0.043607
union,between,1,1,1,0,1,full,1,0.161942,0.048631
union,between,1,1,1,0,1,nohealth,1,0.160703,0.049203
union,between,1,1,1,0,1,trim,1,0.156074,0.043550
union,between,0,0,0,1,0,full,1,0.249784,0.049852
union,between,0,0,0,1,0,nohealth,1,0.246957,0.049508
union,between,0,0,0,1,0,trim,1,0.261077,0.045727
union,between,0,0,0,1,1,full,1,0.249784,0.049852
union,between,0,0,0,1,1,nohealth,1,0.254355,0.050092
union,between,0,0,0,1,1,trim,1,0.259267,0.045322
union,between,1,0,0,1,0,full,1,0.253366,0.050462
union,between,1,0,0,1,0,nohealth,1,0.250316,0.050039
union,between,1,0,0,1,0,trim,1,0.265050,0.046081
union,between,1,0,0,1,1,full,1,0.253366,0.050462
union,between,1,0,0,1,1,nohealth,1,0.259049,0.050678
union,between,1,0,0,1,1,trim,1,0.256473,0.045928
union,between,0,1,0,1,0,full,1,0.151537,0.048849
union,between,0,1,0,1,0,nohealth,1,0.152844,0.048499
union,between,0,1,0,1,0,trim,1,0.160040,0.044039
union,between,0,1,0,1,1,full,1,0.151537,0.048849
union,between,0,1,0,1,1,nohealth,1,0.157641,0.049369
union,between,0,1,0,1,1,trim,1,0.149225,0.043659
union,between,1,1,0,1,0,full,1,0.161388,0.049268
union,between,1,1,0,1,0,nohealth,1,0.161982,0.048811
union,between,1,1,0,1,0,trim,1,0.170725,0.044260
union,between,1,1,0,1,1,full,1,0.161388,0.049268
union,between,1,1,0,1,1,nohealth,1,0.168092,0.049728
union,between,1,1,0,1,1,trim,1,0.154344,0.044102
union,between,0,0,1,1,0,full,1,0.250530,0.049635
union,between,0,0,1,1,0,nohealth,1,0.248156,0.049284
union,between,0,0,1,1,0,trim,1,0.260658,0.045520
union,between,0,0,1,1,1,full,1,0.250530,0.049635
union,between,0,0,1,1,1,nohealth,1,0.254299,0.049869
union,between,0,0,1,1,1,trim,1,0.259122,0.045202
union,between,1,0,1,1,0,full,1,0.253987,0.050214
union,between,1,0,1,1,0,nohealth,1,0.251616,0.049784
union,between,1,0,1,1,0,trim,1,0.265083,0.045850
union,between,1,0,1,1,1,full,1,0.253987,0.050214
union,between,1,0,1,1,1,nohealth,1,0.258806,0.050430
union,between,1,0,1,1,1,trim,1,0.256856,0.045775
union,between,0,1,1,1,0,full,1,0.146646,0.048360
union,between,0,1,1,1,0,nohealth,1,0.148794,0.047994
union,between,0,1,1,1,0,trim,1,0.153813,0.043497
union,between,0,1,1,1,1,full,1,0.146646,0.048360
union,between,0,1,1,1,1,nohealth,1,0.150803,0.048860
union,between,0,1,1,1,1,trim,1,0.145091,0.043213
union,between,1,1,1,1,0,full,1,0.155866,0.048760
union,between,1,1,1,1,0,nohealth,1,0.157626,0.048282
union,between,1,1,1,1,0,trim,1,0.164480,0.043690
union,between,1,1,1,1,1,full,1,0.155866,0.048760
union,between,1,1,1,1,1,nohealth,1,0.160703,0.049203
union,between,1,1,1,1,1,trim,1,0.150063,0.043625
union,random,0,0,0,0,0,full,1,0.102118,0.023983
union,random,0,0,0,0,0,nohealth,1,0.102086,0.024080
union,random,0,0,0,0,0,trim,1,0.086517,0.021093
union,random,0,0,0,0,1,full,1,0.107383,0.021394
union,random,0,0,0,0,1,nohealth,1,0.107237,0.021500
union,random,0,0,0,0,1,trim,1,0.091351,0.018543
union,random,1,0,0,0,0,full,1,0.101663,0.021270
union,random,1,0,0,0,0,nohealth,1,0.101600,0.021357
union,random,1,0,0,0,0,trim,1,0.085672,0.018374
union,random,1,0,0,0,1,full,1,0.103113,0.021118
union,random,1,0,0,0,1,nohealth,1,0.102907,0.021243
union,random,1,0,0,0,1,trim,1,0.087065,0.018310
union,random,0,1,0,0,0,full,1,0.087766,0.022593
union,random,0,1,0,0,0,nohealth,1,0.088008,0.022773
union,random,0,1,0,0,0,trim,1,0.069505,0.019530
union,random,0,1,0,0,1,full,1,0.100977,0.020813
union,random,0,1,0,0,1,nohealth,1,0.101312,0.020950
union,random,0,1,0,0,1,trim,1,0.081890,0.017721
union,random,1,1,0,0,0,full,1,0.094831,0.020716
union,random,1,1,0,0,0,nohealth,1,0.095226,0.020839
union,random,1,1,0,0,0,trim,1,0.076131,0.017605
union,random,1,1,0,0,1,full,1,0.097235,0.020586
union,random,1,1,0,0,1,nohealth,1,0.097542,0.020742
union,random,1,1,0,0,1,trim,1,0.078411,0.017535
union,random,0,0,1,0,0,full,1,0.103741,0.024115
union,random,0,0,1,0,0,nohealth,1,0.103728,0.024208
union,random,0,0,1,0,0,trim,1,0.087477,0.021150
union,random,0,0,1,0,1,full,1,0.107540,0.021449
union,random,0,0,1,0,1,nohealth,1,0.107362,0.021552
union,random,0,0,1,0,1,trim,1,0.091018,0.018541
union,random,1,0,1,0,0,full,1,0.101514,0.021318
union,random,1,0,1,0,0,nohealth,1,0.101428,0.021402
union,random,1,0,1,0,0,trim,1,0.085109,0.018357
union,random,1,0,1,0,1,full,1,0.103390,0.021184
union,random,1,0,1,0,1,nohealth,1,0.103150,0.021305
union,random,1,0,1,0,1,trim,1,0.086799,0.018313
union,random,0,1,1,0,0,full,1,0.089027,0.022680
union,random,0,1,1,0,0,nohealth,1,0.089293,0.022857
union,random,0,1,1,0,0,trim,1,0.070243,0.019557
union,random,0,1,1,0,1,full,1,0.100896,0.020814
union,random,0,1,1,0,1,nohealth,1,0.101224,0.020948
union,random,0,1,1,0,1,trim,1,0.081436,0.017679
union,random,1,1,1,0,0,full,1,0.094418,0.020704
union,random,1,1,1,0,0,nohealth,1,0.094795,0.020826
union,random,1,1,1,0,0,trim,1,0.075417,0.017547
union,random,1,1,1,0,1,full,1,0.097289,0.020597
union,random,1,1,1,0,1,nohealth,1,0.097594,0.020751
union,random,1,1,1,0,1,trim,1,0.078057,0.017499
union,random,0,0,0,1,0,full,1,0.101473,0.024026
union,random,0,0,0,1,0,nohealth,1,0.102086,0.024080
union,random,0,0,0,1,0,trim,1,0.085936,0.021150
union,random,0,0,0,1,1,full,1,0.107077,0.021399
union,random,0,0,0,1,1,nohealth,1,0.107237,0.021500
union,random,0,0,0,1,1,trim,1,0.091052,0.018560
union,random,1,0,0,1,0,full,1,0.101351,0.021278
union,random,1,0,0,1,0,nohealth,1,0.101600,0.021357
union,random,1,0,0,1,0,trim,1,0.085390,0.018394
union,random,1,0,0,1,1,full,1,0.102830,0.021124
union,random,1,0,0,1,1,nohealth,1,0.102907,0.021243
union,random,1,0,0,1,1,trim,1,0.086793,0.018328
union,random,0,1,0,1,0,full,1,0.087289,0.022613
union,random,0,1,0,1,0,nohealth,1,0.088008,0.022773
union,random,0,1,0,1,0,trim,1,0.069105,0.019562
union,random,0,1,0,1,1,full,1,0.100772,0.020808
union,random,0,1,0,1,1,nohealth,1,0.101312,0.020950
union,random,0,1,0,1,1,trim,1,0.081696,0.017725
union,random,1,1,0,1,0,full,1,0.094596,0.020715
union,random,1,1,0,1,0,nohealth,1,0.095226,0.020839
union,random,1,1,0,1,0,trim,1,0.075932,0.017614
union,random,1,1,0,1,1,full,1,0.097043,0.020581
union,random,1,1,0,1,1,nohealth,1,0.097542,0.020742
union,random,1,1,0,1,1,trim,1,0.078233,0.017538
union,random,0,0,1,1,0,full,1,0.103097,0.024160
union,random,0,0,1,1,0,nohealth,1,0.103728,0.024208
union,random,0,0,1,1,0,trim,1,0.086899,0.021208
union,random,0,0,1,1,1,full,1,0.107234,0.021456
union,random,0,0,1,1,1,nohealth,1,0.107362,0.021552
union,random,0,0,1,1,1,trim,1,0.090724,0.018560
union,random,1,0,1,1,0,full,1,0.101204,0.021328
union,random,1,0,1,1,0,nohealth,1,0.101428,0.021402
union,random,1,0,1,1,0,trim,1,0.084831,0.018378
union,random,1,0,1,1,1,full,1,0.103107,0.021191
union,random,1,0,1,1,1,nohealth,1,0.103150,0.021305
union,random,1,0,1,1,1,trim,1,0.086532,0.018331
union,random,0,1,1,1,0,full,1,0.088553,0.022702
union,random,0,1,1,1,0,nohealth,1,0.089293,0.022857
union,random,0,1,1,1,0,trim,1,0.069852,0.019590
union,random,0,1,1,1,1,full,1,0.100694,0.020810
union,random,0,1,1,1,1,nohealth,1,0.101224,0.020948
union,random,0,1,1,1,1,trim,1,0.081253,0.017684
union,random,1,1,1,1,0,full,1,0.094184,0.020705
union,random,1,1,1,1,0,nohealth,1,0.094795,0.020826
union,random,1,1,1,1,0,trim,1,0.075225,0.017557
union,random,1,1,1,1,1,full,1,0.097100,0.020593
union,random,1,1,1,1,1,nohealth,1,0.097594,0.020751
union,random,1,1,1,1,1,trim,1,0.077890,0.017504
union,within,0,0,0,0,0,full,1,0.074686,0.028478
union,within,0,0,0,0,0,nohealth,1,0.074727,0.028725
union,within,0,0,0,0,0,trim,1,0.061816,0.024451
union,within,0,0,0,0,1,full,1,0.085133,0.024845
union,within,0,0,0,0,1,nohealth,1,0.085093,0.025055
union,within,0,0,0,0,1,trim,1,0.071726,0.021095
union,within,1,0,0,0,0,full,1,0.083335,0.024553
union,within,1,0,0,0,0,nohealth,1,0.083480,0.024735
union,within,1,0,0,0,0,trim,1,0.068959,0.020777
union,within,1,0,0,0,1,full,1,0.081301,0.024479
union,within,1,0,0,0,1,nohealth,1,0.081169,0.024709
union,within,1,0,0,0,1,trim,1,0.067872,0.020805
union,within,0,1,0,0,0,full,1,0.065665,0.026653
union,within,0,1,0,0,0,nohealth,1,0.066366,0.026933
union,within,0,1,0,0,0,trim,1,0.048597,0.022461
union,within,0,1,0,0,1,full,1,0.082432,0.024194
union,within,0,1,0,0,1,nohealth,1,0.083073,0.024413
union,within,0,1,0,0,1,trim,1,0.064768,0.020132
union,within,1,1,0,0,0,full,1,0.080791,0.023957
union,within,1,1,0,0,0,nohealth,1,0.081605,0.024143
union,within,1,1,0,0,0,trim,1,0.062467,0.019881
union,within,1,1,0,0,1,full,1,0.078875,0.023918
union,within,1,1,0,0,1,nohealth,1,0.079420,0.024163
union,within,1,1,0,0,1,trim,1,0.061426,0.019932
union,within,0,0,1,0,0,full,1,0.077232,0.028568
union,within,0,0,1,0,0,nohealth,1,0.077233,0.028817
union,within,0,0,1,0,0,trim,1,0.063439,0.024489
union,within,0,0,1,0,1,full,1,0.085449,0.024879
union,within,0,0,1,0,1,nohealth,1,0.085327,0.025086
union,within,0,0,1,0,1,trim,1,0.071612,0.021082
union,within,1,0,1,0,0,full,1,0.083511,0.024584
union,within,1,0,1,0,0,nohealth,1,0.083583,0.024764
union,within,1,0,1,0,0,trim,1,0.068672,0.020752
union,within,1,0,1,0,1,full,1,0.081493,0.024517
union,within,1,0,1,0,1,nohealth,1,0.081275,0.024745
union,within,1,0,1,0,1,trim,1,0.067638,0.020790
union,within,0,1,1,0,0,full,1,0.068376,0.026704
union,within,0,1,1,0,0,nohealth,1,0.069061,0.026982
union,within,0,1,1,0,0,trim,1,0.050186,0.022483
union,within,0,1,1,0,1,full,1,0.082737,0.024164
union,within,0,1,1,0,1,nohealth,1,0.083312,0.024380
union,within,0,1,1,0,1,trim,1,0.064538,0.020074
union,within,1,1,1,0,0,full,1,0.080931,0.023925
union,within,1,1,1,0,0,nohealth,1,0.081684,0.024109
union,within,1,1,1,0,0,trim,1,0.062034,0.019811
union,within,1,1,1,0,1,full,1,0.079046,0.023893
union,within,1,1,1,0,1,nohealth,1,0.079521,0.024135
union,within,1,1,1,0,1,trim,1,0.061064,0.019872
union,within,0,0,0,1,0,full,1,0.074156,0.028515
union,within,0,0,0,1,0,nohealth,1,0.074727,0.028725
union,within,0,0,0,1,0,trim,1,0.061322,0.024508
union,within,0,0,0,1,1,full,1,0.084911,0.024844
union,within,0,0,0,1,1,nohealth,1,0.085093,0.025055
union,within,0,0,0,1,1,trim,1,0.071499,0.021110
union,within,1,0,0,1,0,full,1,0.083148,0.024550
union,within,1,0,0,1,0,nohealth,1,0.083480,0.024735
union,within,1,0,0,1,0,trim,1,0.068765,0.020790
union,within,1,0,0,1,1,full,1,0.081109,0.024478
union,within,1,0,0,1,1,nohealth,1,0.081169,0.024709
union,within,1,0,0,1,1,trim,1,0.067672,0.020820
union,within,0,1,0,1,0,full,1,0.065229,0.026665
union,within,0,1,0,1,0,nohealth,1,0.066366,0.026933
union,within,0,1,0,1,0,trim,1,0.048201,0.022491
union,within,0,1,0,1,1,full,1,0.082256,0.024182
union,within,0,1,0,1,1,nohealth,1,0.083073,0.024413
union,within,0,1,0,1,1,trim,1,0.064592,0.020134
union,within,1,1,0,1,0,full,1,0.080642,0.023942
union,within,1,1,0,1,0,nohealth,1,0.081605,0.024143
union,within,1,1,0,1,0,trim,1,0.062316,0.019882
union,within,1,1,0,1,1,full,1,0.078727,0.023906
union,within,1,1,0,1,1,nohealth,1,0.079420,0.024163
union,within,1,1,0,1,1,trim,1,0.061274,0.019933
union,within,0,0,1,1,0,full,1,0.076677,0.028608
union,within,0,0,1,1,0,nohealth,1,0.077233,0.028817
union,within,0,0,1,1,0,trim,1,0.062925,0.024549
union,within,0,0,1,1,1,full,1,0.085210,0.024880
union,within,0,0,1,1,1,nohealth,1,0.085327,0.025086
union,within,0,0,1,1,1,trim,1,0.071372,0.021099
union,within,1,0,1,1,0,full,1,0.083308,0.024581
union,within,1,0,1,1,0,nohealth,1,0.083583,0.024764
union,within,1,0,1,1,0,trim,1,0.068468,0.020766
union,within,1,0,1,1,1,full,1,0.081284,0.024518
union,within,1,0,1,1,1,nohealth,1,0.081275,0.024745
union,within,1,0,1,1,1,trim,1,0.067428,0.020806
union,within,0,1,1,1,0,full,1,0.067918,0.026719
union,within,0,1,1,1,0,nohealth,1,0.069061,0.026982
union,within,0,1,1,1,0,trim,1,0.049774,0.022516
union,within,0,1,1,1,1,full,1,0.082546,0.024154
union,within,0,1,1,1,1,nohealth,1,0.083312,0.024380
union,within,0,1,1,1,1,trim,1,0.064351,0.020077
union,within,1,1,1,1,0,full,1,0.080768,0.023912
union,within,1,1,1,1,0,nohealth,1,0.081684,0.024109
union,within,1,1,1,1,0,trim,1,0.061873,0.019812
union,within,1,1,1,1,1,full,1,0.078884,0.023883
union,within,1,1,1,1,1,nohealth,1,0.079521,0.024135
union,within,1,1,1,1,1,trim,1,0.060902,0.019875
union,fd,0,0,0,0,0,full,1,0.042546,0.022096
union,fd,0,0,0,0,0,nohealth,1,0.044979,0.021593
union,fd,0,0,0,0,0,trim,1,0.021642,0.017572
union,fd,0,0,0,0,1,full,1,0.042029,0.021978
union,fd,0,0,0,0,1,nohealth,1,0.044801,0.021516
union,fd,0,0,0,0,1,trim,1,0.022054,0.017527
union,fd,1,0,0,0,0,full,1,0.042929,0.022079
union,fd,1,0,0,0,0,nohealth,1,0.045695,0.021580
union,fd,1,0,0,0,0,trim,1,0.021745,0.017548
union,fd,1,0,0,0,1,full,1,0.041283,0.021981
union,fd,1,0,0,0,1,nohealth,1,0.044154,0.021529
union,fd,1,0,0,0,1,trim,1,0.021252,0.017516
union,fd,0,1,0,0,0,full,1,0.039515,0.022225
union,fd,0,1,0,0,0,nohealth,1,0.042349,0.021665
union,fd,0,1,0,0,0,trim,1,0.018404,0.017478
union,fd,0,1,0,0,1,full,1,0.039433,0.022086
union,fd,0,1,0,0,1,nohealth,1,0.042726,0.021575
union,fd,0,1,0,0,1,trim,1,0.019083,0.017425
union,fd,1,1,0,0,0,full,1,0.039993,0.022194
union,fd,1,1,0,0,0,nohealth,1,0.043240,0.021634
union,fd,1,1,0,0,0,trim,1,0.018595,0.017435
union,fd,1,1,0,0,1,full,1,0.038735,0.022086
union,fd,1,1,0,0,1,nohealth,1,0.042157,0.021583
union,fd,1,1,0,0,1,trim,1,0.018355,0.017416
union,fd,0,0,1,0,0,full,1,0.042487,0.022073
union,fd,0,0,1,0,0,nohealth,1,0.044917,0.021570
union,fd,0,0,1,0,0,trim,1,0.021404,0.017531
union,fd,0,0,1,0,1,full,1,0.041872,0.021945
union,fd,0,0,1,0,1,nohealth,1,0.044634,0.021481
union,fd,0,0,1,0,1,trim,1,0.021742,0.017477
union,fd,1,0,1,0,0,full,1,0.042795,0.022044
union,fd,1,0,1,0,0,nohealth,1,0.045561,0.021542
union,fd,1,0,1,0,0,trim,1,0.021446,0.017495
union,fd,1,0,1,0,1,full,1,0.041093,0.021945
union,fd,1,0,1,0,1,nohealth,1,0.043956,0.021490
union,fd,1,0,1,0,1,trim,1,0.020907,0.017462
union,fd,0,1,1,0,0,full,1,0.039287,0.022167
union,fd,0,1,1,0,0,nohealth,1,0.042116,0.021606
union,fd,0,1,1,0,0,trim,1,0.017932,0.017405
union,fd,0,1,1,0,1,full,1,0.039133,0.022015
union,fd,0,1,1,0,1,nohealth,1,0.042418,0.021500
union,fd,0,1,1,0,1,trim,1,0.018560,0.017340
union,fd,1,1,1,0,0,full,1,0.039693,0.022122
union,fd,1,1,1,0,0,nohealth,1,0.042939,0.021560
union,fd,1,1,1,0,0,trim,1,0.018063,0.017351
union,fd,1,1,1,0,1,full,1,0.038404,0.022012
union,fd,1,1,1,0,1,nohealth,1,0.041818,0.021505
union,fd,1,1,1,0,1,trim,1,0.017801,0.017328
union,fd,0,0,0,1,0,full,1,0.041931,0.022152
union,fd,0,0,0,1,0,nohealth,1,0.044979,0.021593
union,fd,0,0,0,1,0,trim,1,0.021002,0.017645
union,fd,0,0,0,1,1,full,1,0.041372,0.022042
union,fd,0,0,0,1,1,nohealth,1,0.044801,0.021516
union,fd,0,0,0,1,1,trim,1,0.021369,0.017606
union,fd,1,0,0,1,0,full,1,0.042317,0.022138
union,fd,1,0,0,1,0,nohealth,1,0.045695,0.021580
union,fd,1,0,0,1,0,trim,1,0.021108,0.017623
union,fd,1,0,0,1,1,full,1,0.040630,0.022047
union,fd,1,0,0,1,1,nohealth,1,0.044154,0.021529
union,fd,1,0,0,1,1,trim,1,0.020572,0.017597
union,fd,0,1,0,1,0,full,1,0.038970,0.022278
union,fd,0,1,0,1,0,nohealth,1,0.042349,0.021665
union,fd,0,1,0,1,0,trim,1,0.017827,0.017543
union,fd,0,1,0,1,1,full,1,0.038860,0.022144
union,fd,0,1,0,1,1,nohealth,1,0.042726,0.021575
union,fd,0,1,0,1,1,trim,1,0.018473,0.017497
union,fd,1,1,0,1,0,full,1,0.039452,0.022247
union,fd,1,1,0,1,0,nohealth,1,0.043240,0.021634
union,fd,1,1,0,1,0,trim,1,0.018020,0.017503
union,fd,1,1,0,1,1,full,1,0.038167,0.022146
union,fd,1,1,0,1,1,nohealth,1,0.042157,0.021583
union,fd,1,1,0,1,1,trim,1,0.017751,0.017489
union,fd,0,0,1,1,0,full,1,0.041871,0.022131
union,fd,0,0,1,1,0,nohealth,1,0.044917,0.021570
union,fd,0,0,1,1,0,trim,1,0.020762,0.017605
union,fd,0,0,1,1,1,full,1,0.041211,0.022011
union,fd,0,0,1,1,1,nohealth,1,0.044634,0.021481
union,fd,0,0,1,1,1,trim,1,0.021055,0.017558
union,fd,1,0,1,1,0,full,1,0.042183,0.022103
union,fd,1,0,1,1,0,nohealth,1,0.045561,0.021542
union,fd,1,0,1,1,0,trim,1,0.020808,0.017572
union,fd,1,0,1,1,1,full,1,0.040437,0.022013
union,fd,1,0,1,1,1,nohealth,1,0.043956,0.021490
union,fd,1,0,1,1,1,trim,1,0.020224,0.017545
union,fd,0,1,1,1,0,full,1,0.038740,0.022220
union,fd,0,1,1,1,0,nohealth,1,0.042116,0.021606
union,fd,0,1,1,1,0,trim,1,0.017351,0.017471
union,fd,0,1,1,1,1,full,1,0.038557,0.022075
union,fd,0,1,1,1,1,nohealth,1,0.042418,0.021500
union,fd,0,1,1,1,1,trim,1,0.017945,0.017413
union,fd,1,1,1,1,0,full,1,0.039150,0.022177
union,fd,1,1,1,1,0,nohealth,1,0.042939,0.021560
union,fd,1,1,1,1,0,trim,1,0.017485,0.017419
union,fd,1,1,1,1,1,full,1,0.037832,0.022073
union,fd,1,1,1,1,1,nohealth,1,0.041818,0.021505
union,fd,1,1,1,1,1,trim,1,0.017191,0.017402
married,pooled,0,0,0,0,0,full,1,0.220304,0.026491
married,pooled,0,0,0,0,0,nohealth,1,0.222162,0.026537
married,pooled,0,0,0,0,0,trim,1,0.197998,0.024303
married,pooled,0,0,0,0,1,full,1,0.150061,0.028338
married,pooled,0,0,0,0,1,nohealth,1,0.150988,0.028338
married,pooled,0,0,0,0,1,trim,1,0.138425,0.025848
married,pooled,1,0,0,0,0,full,1,0.163537,0.028217
married,pooled,1,0,0,0,0,nohealth,1,0.165282,0.028268
married,pooled,1,0,0,0,0,trim,1,0.150227,0.025884
married,pooled,1,0,0,0,1,full,1,0.154863,0.027844
married,pooled,1,0,0,0,1,nohealth,1,0.156292,0.027844
married,pooled,1,0,0,0,1,trim,1,0.142673,0.025504
married,pooled,0,1,0,0,0,full,1,0.188706,0.024770
married,pooled,0,1,0,0,0,nohealth,1,0.191932,0.024790
married,pooled,0,1,0,0,0,trim,1,0.163024,0.022344
married,pooled,0,1,0,0,1,full,1,0.125670,0.026264
married,pooled,0,1,0,0,1,nohealth,1,0.128013,0.026245
married,pooled,0,1,0,0,1,trim,1,0.109978,0.023499
married,pooled,1,1,0,0,0,full,1,0.139043,0.026520
married,pooled,1,1,0,0,0,nohealth,1,0.142054,0.026557
married,pooled,1,1,0,0,0,trim,1,0.122724,0.023914
married,pooled,1,1,0,0,1,full,1,0.129788,0.026000
married,pooled,1,1,0,0,1,nohealth,1,0.132427,0.026007
married,pooled,1,1,0,0,1,trim,1,0.114480,0.023310
married,pooled,0,0,1,0,0,full,1,0.228985,0.026525
married,pooled,0,0,1,0,0,nohealth,1,0.230519,0.026593
married,pooled,0,0,1,0,0,trim,1,0.206254,0.024159
married,pooled,0,0,1,0,1,full,1,0.159049,0.028408
married,pooled,0,0,1,0,1,nohealth,1,0.159710,0.028423
married,pooled,0,0,1,0,1,trim,1,0.146778,0.025742
married,pooled,1,0,1,0,0,full,1,0.172264,0.028207
married,pooled,1,0,1,0,0,nohealth,1,0.173699,0.028266
married,pooled,1,0,1,0,0,trim,1,0.158268,0.025783
married,pooled,1,0,1,0,1,full,1,0.163443,0.027806
married,pooled,1,0,1,0,1,nohealth,1,0.164502,0.027821
married,pooled,1,0,1,0,1,trim,1,0.150646,0.025351
married,pooled,0,1,1,0,0,full,1,0.196862,0.024723
married,pooled,0,1,1,0,0,nohealth,1,0.199650,0.024770
married,pooled,0,1,1,0,0,trim,1,0.171164,0.022058
married,pooled,0,1,1,0,1,full,1,0.134137,0.026182
married,pooled,0,1,1,0,1,nohealth,1,0.136101,0.026181
married,pooled,0,1,1,0,1,trim,1,0.118248,0.023180
married,pooled,1,1,1,0,0,full,1,0.147410,0.026374
married,pooled,1,1,1,0,0,nohealth,1,0.149998,0.026425
married,pooled,1,1,1,0,0,trim,1,0.130850,0.023606
married,pooled,1,1,1,0,1,full,1,0.138144,0.025831
married,pooled,1,1,1,0,1,nohealth,1,0.140321,0.025855
married,pooled,1,1,1,0,1,trim,1,0.122618,0.022956
married,pooled,0,0,0,1,0,full,1,0.219756,0.026492
married,pooled,0,0,0,1,0,nohealth,1,0.222162,0.026537
married,pooled,0,0,0,1,0,trim,1,0.197377,0.024292
married,pooled,0,0,0,1,1,full,1,0.149729,0.028335
married,pooled,0,0,0,1,1,nohealth,1,0.150988,0.028338
married,pooled,0,0,0,1,1,trim,1,0.138029,0.025834
married,pooled,1,0,0,1,0,full,1,0.163031,0.028225
married,pooled,1,0,0,1,0,nohealth,1,0.165282,0.028268
married,pooled,1,0,0,1,0,trim,1,0.149656,0.025884
married,pooled,1,0,0,1,1,full,1,0.154480,0.027848
married,pooled,1,0,0,1,1,nohealth,1,0.156292,0.027844
married,pooled,1,0,0,1,1,trim,1,0.142215,0.025499
married,pooled,0,1,0,1,0,full,1,0.188160,0.024769
married,pooled,0,1,0,1,0,nohealth,1,0.191932,0.024790
married,pooled,0,1,0,1,0,trim,1,0.162431,0.022336
married,pooled,0,1,0,1,1,full,1,0.125349,0.026255
married,pooled,0,1,0,1,1,nohealth,1,0.128013,0.026245
married,pooled,0,1,0,1,1,trim,1,0.109613,0.023480
married,pooled,1,1,0,1,0,full,1,0.138546,0.026522
married,pooled,1,1,0,1,0,nohealth,1,0.142054,0.026557
married,pooled,1,1,0,1,0,trim,1,0.122183,0.023906
married,pooled,1,1,0,1,1,full,1,0.129421,0.025999
married,pooled,1,1,0,1,1,nohealth,1,0.132427,0.026007
married,pooled,1,1,0,1,1,trim,1,0.114062,0.023301
married,pooled,0,0,1,1,0,full,1,0.228429,0.026529
married,pooled,0,0,1,1,0,nohealth,1,0.230519,0.026593
married,pooled,0,0,1,1,0,trim,1,0.205624,0.024150
married,pooled,0,0,1,1,1,full,1,0.158710,0.028406
married,pooled,0,0,1,1,1,nohealth,1,0.159710,0.028423
married,pooled,0,0,1,1,1,trim,1,0.146376,0.025728
married,pooled,1,0,1,1,0,full,1,0.171749,0.028216
married,pooled,1,0,1,1,0,nohealth,1,0.173699,0.028266
married,pooled,1,0,1,1,0,trim,1,0.157689,0.025780
married,pooled,1,0,1,1,1,full,1,0.163051,0.027812
married,pooled,1,0,1,1,1,nohealth,1,0.164502,0.027821
married,pooled,1,0,1,1,1,trim,1,0.150179,0.025346
married,pooled,0,1,1,1,0,full,1,0.196307,0.024728
married,pooled,0,1,1,1,0,nohealth,1,0.199650,0.024770
married,pooled,0,1,1,1,0,trim,1,0.170558,0.022054
married,pooled,0,1,1,1,1,full,1,0.133806,0.026175
married,pooled,0,1,1,1,1,nohealth,1,0.136101,0.026181
married,pooled,0,1,1,1,1,trim,1,0.117873,0.023163
married,pooled,1,1,1,1,0,full,1,0.146901,0.026378
married,pooled,1,1,1,1,0,nohealth,1,0.149998,0.026425
married,pooled,1,1,1,1,0,trim,1,0.130295,0.023600
married,pooled,1,1,1,1,1,full,1,0.137766,0.025833
married,pooled,1,1,1,1,1,nohealth,1,0.140321,0.025855
married,pooled,1,1,1,1,1,trim,1,0.122187,0.022949
married,between,0,0,0,0,0,full,1,0.203768,0.043658
married,between,0,0,0,0,0,nohealth,1,0.203119,0.043531
married,between,0,0,0,0,0,trim,1,0.189629,0.040236
married,between,0,0,0,0,1,full,1,0.203768,0.043658
married,between,0,0,0,0,1,nohealth,1,0.205750,0.043896
married,between,0,0,0,0,1,trim,1,0.207733,0.039865
married,between,1,0,0,0,0,full,1,0.219811,0.043849
married,between,1,0,0,0,0,nohealth,1,0.220383,0.043754
married,between,1,0,0,0,0,trim,1,0.208426,0.040353
married,between,1,0,0,0,1,full,1,0.219811,0.043849
married,between,1,0,0,0,1,nohealth,1,0.222628,0.044084
married,between,1,0,0,0,1,trim,1,0.219757,0.039986
married,between,0,1,0,0,0,full,1,0.161729,0.041323
married,between,0,1,0,0,0,nohealth,1,0.162732,0.041171
married,between,0,1,0,0,0,trim,1,0.141205,0.037560
married,between,0,1,0,0,1,full,1,0.161729,0.041323
married,between,0,1,0,0,1,nohealth,1,0.166459,0.041488
married,between,0,1,0,0,1,trim,1,0.156149,0.037076
married,between,1,1,0,0,0,full,1,0.173321,0.041364
married,between,1,1,0,0,0,nohealth,1,0.175640,0.041229
married,between,1,1,0,0,0,trim,1,0.155827,0.037490
married,between,1,1,0,0,1,full,1,0.173321,0.041364
married,between,1,1,0,0,1,nohealth,1,0.178529,0.041514
married,between,1,1,0,0,1,trim,1,0.166171,0.037064
married,between,0,0,1,0,0,full,1,0.219060,0.043431
married,between,0,0,1,0,0,nohealth,1,0.217579,0.043276
married,between,0,0,1,0,0,trim,1,0.204647,0.040038
married,between,0,0,1,0,1,full,1,0.219060,0.043431
married,between,0,0,1,0,1,nohealth,1,0.221470,0.043647
married,between,0,0,1,0,1,trim,1,0.219666,0.039723
married,between,1,0,1,0,0,full,1,0.234412,0.043604
married,between,1,0,1,0,0,nohealth,1,0.234144,0.043483
married,between,1,0,1,0,0,trim,1,0.222819,0.040142
married,between,1,0,1,0,1,full,1,0.234412,0.043604
married,between,1,0,1,0,1,nohealth,1,0.237539,0.043818
married,between,1,0,1,0,1,trim,1,0.231454,0.039838
married,between,0,1,1,0,0,full,1,0.175741,0.040854
married,between,0,1,1,0,0,nohealth,1,0.175209,0.040664
married,between,0,1,1,0,0,trim,1,0.155619,0.037047
married,between,0,1,1,0,1,full,1,0.175741,0.040854
married,between,0,1,1,0,1,nohealth,1,0.180331,0.040951
married,between,0,1,1,0,1,trim,1,0.167996,0.036657
married,between,1,1,1,0,0,full,1,0.187250,0.040883
married,between,1,1,1,0,0,nohealth,1,0.188125,0.040708
married,between,1,1,1,0,0,trim,1,0.170313,0.036956
married,between,1,1,1,0,1,full,1,0.187250,0.040883
married,between,1,1,1,0,1,nohealth,1,0.192312,0.040965
married,between,1,1,1,0,1,trim,1,0.178252,0.036629
married,between,0,0,0,1,0,full,1,0.203974,0.043636
married,between,0,0,0,1,0,nohealth,1,0.203119,0.043531
married,between,0,0,0,1,0,trim,1,0.189936,0.040180
married,between,0,0,0,1,1,full,1,0.203974,0.043636
married,between,0,0,0,1,1,nohealth,1,0.205750,0.043896
married,between,0,0,0,1,1,trim,1,0.207732,0.039831
married,between,1,0,0,1,0,full,1,0.219577,0.043831
married,between,1,0,0,1,0,nohealth,1,0.220383,0.043754
married,between,1,0,0,1,0,trim,1,0.208183,0.040302
married,between,1,0,0,1,1,full,1,0.219577,0.043831
married,between,1,0,0,1,1,nohealth,1,0.222628,0.044084
married,between,1,0,0,1,1,trim,1,0.219339,0.039950
married,between,0,1,0,1,0,full,1,0.162246,0.041240
married,between,0,1,0,1,0,nohealth,1,0.162732,0.041171
married,between,0,1,0,1,0,trim,1,0.141909,0.037434
married,between,0,1,0,1,1,full,1,0.162246,0.041240
married,between,0,1,0,1,1,nohealth,1,0.166459,0.041488
married,between,0,1,0,1,1,trim,1,0.156446,0.036987
married,between,1,1,0,1,0,full,1,0.173345,0.041297
married,between,1,1,0,1,0,nohealth,1,0.175640,0.041229
married,between,1,1,0,1,0,trim,1,0.155885,0.037385
married,between,1,1,0,1,1,full,1,0.173345,0.041297
married,between,1,1,0,1,1,nohealth,1,0.178529,0.041514
married,between,1,1,0,1,1,trim,1,0.166030,0.036984
married,between,0,0,1,1,0,full,1,0.219286,0.043401
married,between,0,0,1,1,0,nohealth,1,0.217579,0.043276
married,between,0,0,1,1,0,trim,1,0.204977,0.039971
married,between,0,0,1,1,1,full,1,0.219286,0.043401
married,between,0,0,1,1,1,nohealth,1,0.221470,0.043647
married,between,0,0,1,1,1,trim,1,0.219732,0.039676
married,between,1,0,1,1,0,full,1,0.234185,0.043578
married,between,1,0,1,1,0,nohealth,1,0.234144,0.043483
married,between,1,0,1,1,0,trim,1,0.222589,0.040080
married,between,1,0,1,1,1,full,1,0.234185,0.043578
married,between,1,0,1,1,1,nohealth,1,0.237539,0.043818
married,between,1,0,1,1,1,trim,1,0.231072,0.039789
married,between,0,1,1,1,0,full,1,0.176228,0.040759
married,between,0,1,1,1,0,nohealth,1,0.175209,0.040664
married,between,0,1,1,1,0,trim,1,0.156309,0.036904
married,between,0,1,1,1,1,full,1,0.176228,0.040759
married,between,0,1,1,1,1,nohealth,1,0.180331,0.040951
married,between,0,1,1,1,1,trim,1,0.168352,0.036546
married,between,1,1,1,1,0,full,1,0.187241,0.040803
married,between,1,1,1,1,0,nohealth,1,0.188125,0.040708
married,between,1,1,1,1,0,trim,1,0.170353,0.036833
married,between,1,1,1,1,1,full,1,0.187241,0.040803
married,between,1,1,1,1,1,nohealth,1,0.192312,0.040965
married,between,1,1,1,1,1,trim,1,0.178141,0.036528
married,random,0,0,0,0,0,full,1,0.237175,0.019976
married,random,0,0,0,0,0,nohealth,1,0.241035,0.020059
married,random,0,0,0,0,0,trim,1,0.206373,0.017638
married,random,0,0,0,0,1,full,1,0.082189,0.019592
married,random,0,0,0,0,1,nohealth,1,0.084582,0.019726
married,random,0,0,0,0,1,trim,1,0.064482,0.016788
married,random,1,0,0,0,0,full,1,0.076586,0.019517
married,random,1,0,0,0,0,nohealth,1,0.079308,0.019626
married,random,1,0,0,0,0,trim,1,0.056602,0.016654
married,random,1,0,0,0,1,full,1,0.074124,0.019309
married,random,1,0,0,0,1,nohealth,1,0.076341,0.019424
married,random,1,0,0,0,1,trim,1,0.055933,0.016422
married,random,0,1,0,0,0,full,1,0.213245,0.019607
married,random,0,1,0,0,0,nohealth,1,0.217019,0.019701
married,random,0,1,0,0,0,trim,1,0.183391,0.017075
married,random,0,1,0,0,1,full,1,0.076315,0.019275
married,random,0,1,0,0,1,nohealth,1,0.078961,0.019406
married,random,0,1,0,0,1,trim,1,0.058659,0.016374
married,random,1,1,0,0,0,full,1,0.071755,0.019198
married,random,1,1,0,0,0,nohealth,1,0.074771,0.019315
married,random,1,1,0,0,0,trim,1,0.052126,0.016320
married,random,1,1,0,0,1,full,1,0.069450,0.018975
married,random,1,1,0,0,1,nohealth,1,0.072000,0.019093
married,random,1,1,0,0,1,trim,1,0.051583,0.016040
married,random,0,0,1,0,0,full,1,0.237955,0.019987
married,random,0,0,1,0,0,nohealth,1,0.241760,0.020070
married,random,0,0,1,0,0,trim,1,0.206921,0.017615
married,random,0,0,1,0,1,full,1,0.084171,0.019665
married,random,0,0,1,0,1,nohealth,1,0.086513,0.019795
married,random,0,0,1,0,1,trim,1,0.065594,0.016795
married,random,1,0,1,0,0,full,1,0.078596,0.019594
married,random,1,0,1,0,0,nohealth,1,0.081272,0.019703
married,random,1,0,1,0,0,trim,1,0.057714,0.016659
married,random,1,0,1,0,1,full,1,0.076142,0.019378
married,random,1,0,1,0,1,nohealth,1,0.078302,0.019492
married,random,1,0,1,0,1,trim,1,0.057051,0.016428
married,random,0,1,1,0,0,full,1,0.214418,0.019624
married,random,0,1,1,0,0,nohealth,1,0.218105,0.019719
married,random,0,1,1,0,0,trim,1,0.184318,0.017040
married,random,0,1,1,0,1,full,1,0.078817,0.019355
married,random,0,1,1,0,1,nohealth,1,0.081429,0.019481
married,random,0,1,1,0,1,trim,1,0.060278,0.016374
married,random,1,1,1,0,0,full,1,0.074354,0.019281
married,random,1,1,1,0,0,nohealth,1,0.077324,0.019398
married,random,1,1,1,0,0,trim,1,0.053835,0.016319
married,random,1,1,1,0,1,full,1,0.072018,0.019051
married,random,1,1,1,0,1,nohealth,1,0.074538,0.019166
married,random,1,1,1,0,1,trim,1,0.053245,0.016039
married,random,0,0,0,1,0,full,1,0.236642,0.019992
married,random,0,0,0,1,0,nohealth,1,0.241035,0.020059
married,random,0,0,0,1,0,trim,1,0.205828,0.017652
married,random,0,0,0,1,1,full,1,0.081921,0.019596
married,random,0,0,0,1,1,nohealth,1,0.084582,0.019726
married,random,0,0,0,1,1,trim,1,0.064203,0.016790
married,random,1,0,0,1,0,full,1,0.076308,0.019529
married,random,1,0,0,1,0,nohealth,1,0.079308,0.019626
married,random,1,0,0,1,0,trim,1,0.056349,0.016665
married,random,1,0,0,1,1,full,1,0.073876,0.019320
married,random,1,0,0,1,1,nohealth,1,0.076341,0.019424
married,random,1,0,0,1,1,trim,1,0.055684,0.016432
married,random,0,1,0,1,0,full,1,0.212726,0.019611
married,random,0,1,0,1,0,nohealth,1,0.217019,0.019701
married,random,0,1,0,1,0,trim,1,0.182869,0.017077
married,random,0,1,0,1,1,full,1,0.076142,0.019276
married,random,0,1,0,1,1,nohealth,1,0.078961,0.019406
married,random,0,1,0,1,1,trim,1,0.058471,0.016373
married,random,1,1,0,1,0,full,1,0.071568,0.019208
married,random,1,1,0,1,0,nohealth,1,0.074771,0.019315
married,random,1,1,0,1,0,trim,1,0.051968,0.016329
married,random,1,1,0,1,1,full,1,0.069296,0.018983
married,random,1,1,0,1,1,nohealth,1,0.072000,0.019093
married,random,1,1,0,1,1,trim,1,0.051421,0.016046
married,random,0,0,1,1,0,full,1,0.237419,0.020004
married,random,0,0,1,1,0,nohealth,1,0.241760,0.020070
married,random,0,0,1,1,0,trim,1,0.206376,0.017630
married,random,0,0,1,1,1,full,1,0.083912,0.019670
married,random,0,0,1,1,1,nohealth,1,0.086513,0.019795
married,random,0,0,1,1,1,trim,1,0.065327,0.016797
married,random,1,0,1,1,0,full,1,0.078328,0.019607
married,random,1,0,1,1,0,nohealth,1,0.081272,0.019703
married,random,1,0,1,1,0,trim,1,0.057477,0.016669
married,random,1,0,1,1,1,full,1,0.075903,0.019390
married,random,1,0,1,1,1,nohealth,1,0.078302,0.019492
married,random,1,0,1,1,1,trim,1,0.056817,0.016438
married,random,0,1,1,1,0,full,1,0.213905,0.019629
married,random,0,1,1,1,0,nohealth,1,0.218105,0.019719
married,random,0,1,1,1,0,trim,1,0.183805,0.017042
married,random,0,1,1,1,1,full,1,0.078666,0.019357
married,random,0,1,1,1,1,nohealth,1,0.081429,0.019481
married,random,0,1,1,1,1,trim,1,0.060119,0.016373
married,random,1,1,1,1,0,full,1,0.074190,0.019293
married,random,1,1,1,1,0,nohealth,1,0.077324,0.019398
married,random,1,1,1,1,0,trim,1,0.053709,0.016329
married,random,1,1,1,1,1,full,1,0.071886,0.019060
married,random,1,1,1,1,1,nohealth,1,0.074538,0.019166
married,random,1,1,1,1,1,trim,1,0.053115,0.016046
married,within,0,0,0,0,0,full,1,0.242663,0.023635
married,within,0,0,0,0,0,nohealth,1,0.247308,0.023840
married,within,0,0,0,0,0,trim,1,0.208387,0.020396
married,within,0,0,0,0,1,full,1,0.060585,0.022990
married,within,0,0,0,0,1,nohealth,1,0.063253,0.023304
married,within,0,0,0,0,1,trim,1,0.047440,0.019354
married,within,1,0,0,0,0,full,1,0.047338,0.022634
married,within,1,0,0,0,0,nohealth,1,0.049917,0.022918
married,within,1,0,0,0,0,trim,1,0.034510,0.018929
married,within,1,0,0,0,1,full,1,0.048681,0.022633
married,within,1,0,0,0,1,nohealth,1,0.050965,0.022922
married,within,1,0,0,0,1,trim,1,0.036139,0.018870
married,within,0,1,0,0,0,full,1,0.222871,0.023447
married,within,0,1,0,0,0,nohealth,1,0.227457,0.023677
married,within,0,1,0,0,0,trim,1,0.188813,0.019961
married,within,0,1,0,0,1,full,1,0.055161,0.022804
married,within,0,1,0,0,1,nohealth,1,0.058126,0.023129
married,within,0,1,0,0,1,trim,1,0.042074,0.019150
married,within,1,1,0,0,0,full,1,0.042400,0.022384
married,within,1,1,0,0,0,nohealth,1,0.045316,0.022683
married,within,1,1,0,0,0,trim,1,0.029794,0.018746
married,within,1,1,0,0,1,full,1,0.043814,0.022394
married,within,1,1,0,0,1,nohealth,1,0.046428,0.022694
married,within,1,1,0,0,1,trim,1,0.031473,0.018684
married,within,0,0,1,0,0,full,1,0.238755,0.023554
married,within,0,0,1,0,0,nohealth,1,0.243394,0.023758
married,within,0,0,1,0,0,trim,1,0.205838,0.020444
married,within,0,0,1,0,1,full,1,0.059815,0.022951
married,within,0,0,1,0,1,nohealth,1,0.062421,0.023265
married,within,0,0,1,0,1,trim,1,0.046688,0.019373
married,within,1,0,1,0,0,full,1,0.046617,0.022589
married,within,1,0,1,0,0,nohealth,1,0.049138,0.022873
married,within,1,0,1,0,0,trim,1,0.033783,0.018933
married,within,1,0,1,0,1,full,1,0.047982,0.022579
married,within,1,0,1,0,1,nohealth,1,0.050206,0.022866
married,within,1,0,1,0,1,trim,1,0.035435,0.018872
married,within,0,1,1,0,0,full,1,0.219649,0.023365
married,within,0,1,1,0,0,nohealth,1,0.224181,0.023591
married,within,0,1,1,0,0,trim,1,0.186852,0.019994
married,within,0,1,1,0,1,full,1,0.054310,0.022761
married,within,0,1,1,0,1,nohealth,1,0.057234,0.023078
married,within,0,1,1,0,1,trim,1,0.041234,0.019152
married,within,1,1,1,0,0,full,1,0.041586,0.022336
married,within,1,1,1,0,0,nohealth,1,0.044464,0.022628
married,within,1,1,1,0,0,trim,1,0.028961,0.018732
married,within,1,1,1,0,1,full,1,0.043027,0.022338
married,within,1,1,1,0,1,nohealth,1,0.045601,0.022631
married,within,1,1,1,0,1,trim,1,0.030667,0.018669
married,within,0,0,0,1,0,full,1,0.242186,0.023657
married,within,0,0,0,1,0,nohealth,1,0.247308,0.023840
married,within,0,0,0,1,0,trim,1,0.207900,0.020418
married,within,0,0,0,1,1,full,1,0.060328,0.022995
married,within,0,0,0,1,1,nohealth,1,0.063253,0.023304
married,within,0,0,0,1,1,trim,1,0.047169,0.019357
married,within,1,0,0,1,0,full,1,0.047110,0.022645
married,within,1,0,0,1,0,nohealth,1,0.049917,0.022918
married,within,1,0,0,1,0,trim,1,0.034270,0.018938
married,within,1,0,0,1,1,full,1,0.048452,0.022644
married,within,1,0,0,1,1,nohealth,1,0.050965,0.022922
married,within,1,0,0,1,1,trim,1,0.035897,0.018879
married,within,0,1,0,1,0,full,1,0.222418,0.023455
married,within,0,1,0,1,0,nohealth,1,0.227457,0.023677
married,within,0,1,0,1,0,trim,1,0.188360,0.019965
married,within,0,1,0,1,1,full,1,0.054940,0.022807
married,within,0,1,0,1,1,nohealth,1,0.058126,0.023129
married,within,0,1,0,1,1,trim,1,0.041845,0.019149
married,within,1,1,0,1,0,full,1,0.042204,0.022392
married,within,1,1,0,1,0,nohealth,1,0.045316,0.022683
married,within,1,1,0,1,0,trim,1,0.029590,0.018752
married,within,1,1,0,1,1,full,1,0.043623,0.022402
married,within,1,1,0,1,1,nohealth,1,0.046428,0.022694
married,within,1,1,0,1,1,trim,1,0.031272,0.018690
married,within,0,0,1,1,0,full,1,0.238230,0.023577
married,within,0,0,1,1,0,nohealth,1,0.243394,0.023758
married,within,0,0,1,1,0,trim,1,0.205313,0.020467
married,within,0,0,1,1,1,full,1,0.059536,0.022957
married,within,0,0,1,1,1,nohealth,1,0.062421,0.023265
married,within,0,0,1,1,1,trim,1,0.046401,0.019377
married,within,1,0,1,1,0,full,1,0.046369,0.022600
married,within,1,0,1,1,0,nohealth,1,0.049138,0.022873
married,within,1,0,1,1,0,trim,1,0.033530,0.018943
married,within,1,0,1,1,1,full,1,0.047733,0.022591
married,within,1,0,1,1,1,nohealth,1,0.050206,0.022866
married,within,1,0,1,1,1,trim,1,0.035179,0.018882
married,within,0,1,1,1,0,full,1,0.219155,0.023373
married,within,0,1,1,1,0,nohealth,1,0.224181,0.023591
married,within,0,1,1,1,0,trim,1,0.186370,0.020000
married,within,0,1,1,1,1,full,1,0.054068,0.022763
married,within,0,1,1,1,1,nohealth,1,0.057234,0.023078
married,within,0,1,1,1,1,trim,1,0.040991,0.019151
married,within,1,1,1,1,0,full,1,0.041372,0.022344
married,within,1,1,1,1,0,nohealth,1,0.044464,0.022628
married,within,1,1,1,1,0,trim,1,0.028745,0.018738
married,within,1,1,1,1,1,full,1,0.042817,0.022346
married,within,1,1,1,1,1,nohealth,1,0.045601,0.022631
married,within,1,1,1,1,1,trim,1,0.030453,0.018676
married,fd,0,0,0,0,0,full,1,0.043313,0.024307
married,fd,0,0,0,0,0,nohealth,1,0.045168,0.024527
married,fd,0,0,0,0,0,trim,1,0.035177,0.016710
married,fd,0,0,0,0,1,full,1,0.040562,0.024325
married,fd,0,0,0,0,1,nohealth,1,0.041521,0.024461
married,fd,0,0,0,0,1,trim,1,0.032675,0.016540
married,fd,1,0,0,0,0,full,1,0.038349,0.024328
married,fd,1,0,0,0,0,nohealth,1,0.039296,0.024477
married,fd,1,0,0,0,0,trim,1,0.029985,0.016505
married,fd,1,0,0,0,1,full,1,0.038336,0.024327
married,fd,1,0,0,0,1,nohealth,1,0.039127,0.024466
married,fd,1,0,0,0,1,trim,1,0.030732,0.016521
married,fd,0,1,0,0,0,full,1,0.041306,0.024358
married,fd,0,1,0,0,0,nohealth,1,0.043515,0.024528
married,fd,0,1,0,0,0,trim,1,0.034978,0.016729
married,fd,0,1,0,0,1,full,1,0.038704,0.024390
married,fd,0,1,0,0,1,nohealth,1,0.039998,0.024492
married,fd,0,1,0,0,1,trim,1,0.032629,0.016585
married,fd,1,1,0,0,0,full,1,0.036562,0.024374
married,fd,1,1,0,0,0,nohealth,1,0.037862,0.024480
married,fd,1,1,0,0,0,trim,1,0.030019,0.016551
married,fd,1,1,0,0,1,full,1,0.036564,0.024391
married,fd,1,1,0,0,1,nohealth,1,0.037707,0.024493
married,fd,1,1,0,0,1,trim,1,0.030772,0.016569
married,fd,0,0,1,0,0,full,1,0.041471,0.024220
married,fd,0,0,1,0,0,nohealth,1,0.043311,0.024440
married,fd,0,0,1,0,0,trim,1,0.033605,0.016591
married,fd,0,0,1,0,1,full,1,0.038637,0.024236
married,fd,0,0,1,0,1,nohealth,1,0.039567,0.024371
married,fd,0,0,1,0,1,trim,1,0.031008,0.016417
married,fd,1,0,1,0,0,full,1,0.036483,0.024241
married,fd,1,0,1,0,0,nohealth,1,0.037407,0.024389
married,fd,1,0,1,0,0,trim,1,0.028362,0.016383
married,fd,1,0,1,0,1,full,1,0.036438,0.024236
married,fd,1,0,1,0,1,nohealth,1,0.037200,0.024374
married,fd,1,0,1,0,1,trim,1,0.029097,0.016398
married,fd,0,1,1,0,0,full,1,0.039189,0.024250
married,fd,0,1,1,0,0,nohealth,1,0.041364,0.024419
married,fd,0,1,1,0,0,trim,1,0.033275,0.016587
married,fd,0,1,1,0,1,full,1,0.036506,0.024278
married,fd,0,1,1,0,1,nohealth,1,0.037744,0.024380
married,fd,0,1,1,0,1,trim,1,0.030845,0.016437
married,fd,1,1,1,0,0,full,1,0.034407,0.024265
married,fd,1,1,1,0,0,nohealth,1,0.035654,0.024369
married,fd,1,1,1,0,0,trim,1,0.028268,0.016405
married,fd,1,1,1,0,1,full,1,0.034394,0.024277
married,fd,1,1,1,0,1,nohealth,1,0.035477,0.024378
married,fd,1,1,1,0,1,trim,1,0.029018,0.016423
married,fd,0,0,0,1,0,full,1,0.042791,0.024315
married,fd,0,0,0,1,0,nohealth,1,0.045168,0.024527
married,fd,0,0,0,1,0,trim,1,0.034642,0.016734
married,fd,0,0,0,1,1,full,1,0.040027,0.024326
married,fd,0,0,0,1,1,nohealth,1,0.041521,0.024461
married,fd,0,0,0,1,1,trim,1,0.032119,0.016556
married,fd,1,0,0,1,0,full,1,0.037833,0.024336
married,fd,1,0,0,1,0,nohealth,1,0.039296,0.024477
married,fd,1,0,0,1,0,trim,1,0.029450,0.016529
married,fd,1,0,0,1,1,full,1,0.037806,0.024330
married,fd,1,0,0,1,1,nohealth,1,0.039127,0.024466
married,fd,1,0,0,1,1,trim,1,0.030181,0.016539
married,fd,0,1,0,1,0,full,1,0.040823,0.024364
married,fd,0,1,0,1,0,nohealth,1,0.043515,0.024528
married,fd,0,1,0,1,0,trim,1,0.034468,0.016753
married,fd,0,1,0,1,1,full,1,0.038214,0.024391
married,fd,0,1,0,1,1,nohealth,1,0.039998,0.024492
married,fd,0,1,0,1,1,trim,1,0.032102,0.016602
married,fd,1,1,0,1,0,full,1,0.036086,0.024381
married,fd,1,1,0,1,0,nohealth,1,0.037862,0.024480
married,fd,1,1,0,1,0,trim,1,0.029509,0.016575
married,fd,1,1,0,1,1,full,1,0.036080,0.024393
married,fd,1,1,0,1,1,nohealth,1,0.037707,0.024493
married,fd,1,1,0,1,1,trim,1,0.030250,0.016589
married,fd,0,0,1,1,0,full,1,0.040948,0.024228
married,fd,0,0,1,1,0,nohealth,1,0.043311,0.024440
married,fd,0,0,1,1,0,trim,1,0.033069,0.016615
married,fd,0,0,1,1,1,full,1,0.038098,0.024237
married,fd,0,0,1,1,1,nohealth,1,0.039567,0.024371
married,fd,0,0,1,1,1,trim,1,0.030449,0.016433
married,fd,1,0,1,1,0,full,1,0.035965,0.024249
married,fd,1,0,1,1,0,nohealth,1,0.037407,0.024389
married,fd,1,0,1,1,0,trim,1,0.027826,0.016407
married,fd,1,0,1,1,1,full,1,0.035903,0.024239
married,fd,1,0,1,1,1,nohealth,1,0.037200,0.024374
married,fd,1,0,1,1,1,trim,1,0.028542,0.016417
married,fd,0,1,1,1,0,full,1,0.038707,0.024255
married,fd,0,1,1,1,0,nohealth,1,0.041364,0.024419
married,fd,0,1,1,1,0,trim,1,0.032765,0.016611
married,fd,0,1,1,1,1,full,1,0.036015,0.024278
married,fd,0,1,1,1,1,nohealth,1,0.037744,0.024380
married,fd,0,1,1,1,1,trim,1,0.030315,0.016454
married,fd,1,1,1,1,0,full,1,0.033931,0.024271
married,fd,1,1,1,1,0,nohealth,1,0.035654,0.024369
married,fd,1,1,1,1,0,trim,1,0.027757,0.016429
married,fd,1,1,1,1,1,full,1,0.033908,0.024278
married,fd,1,1,1,1,1,nohealth,1,0.035477,0.024378
married,fd,1,1,1,1,1,trim,1,0.028494,0.016442
educ,pooled,0,0,0,0,0,full,1,0.076904,0.008805
educ,pooled,0,0,0,0,0,nohealth,1,0.077065,0.008813
educ,pooled,0,0,0,0,0,trim,1,0.072512,0.007957
educ,pooled,0,0,0,0,1,full,1,0.076904,0.008812
educ,pooled,0,0,0,0,1,nohealth,1,0.077091,0.008824
educ,pooled,0,0,0,0,1,trim,1,0.073152,0.008000
educ,pooled,1,0,0,0,0,full,1,0.102118,0.009018
educ,pooled,1,0,0,0,0,nohealth,1,0.102265,0.009028
educ,pooled,1,0,0,0,0,trim,1,0.095612,0.008092
educ,pooled,1,0,0,0,1,full,1,0.094566,0.011040
educ,pooled,1,0,0,0,1,nohealth,1,0.094283,0.011035
educ,pooled,1,0,0,0,1,trim,1,0.090327,0.009792
educ,pooled,0,1,0,0,0,full,1,0.074970,0.008358
educ,pooled,0,1,0,0,0,nohealth,1,0.075067,0.008390
educ,pooled,0,1,0,0,0,trim,1,0.072295,0.007372
educ,pooled,0,1,0,0,1,full,1,0.075876,0.008376
educ,pooled,0,1,0,0,1,nohealth,1,0.076059,0.008410
educ,pooled,0,1,0,0,1,trim,1,0.073463,0.007415
educ,pooled,1,1,0,0,0,full,1,0.098480,0.008575
educ,pooled,1,1,0,0,0,nohealth,1,0.098689,0.008607
educ,pooled,1,1,0,0,0,trim,1,0.093284,0.007420
educ,pooled,1,1,0,0,1,full,1,0.091291,0.010240
educ,pooled,1,1,0,0,1,nohealth,1,0.091195,0.010260
educ,pooled,1,1,0,0,1,trim,1,0.087587,0.008772
educ,pooled,0,0,1,0,0,full,1,0.076648,0.008700
educ,pooled,0,0,1,0,0,nohealth,1,0.076761,0.008715
educ,pooled,0,0,1,0,0,trim,1,0.072270,0.007929
educ,pooled,0,0,1,0,1,full,1,0.076415,0.008719
educ,pooled,0,0,1,0,1,nohealth,1,0.076558,0.008740
educ,pooled,0,0,1,0,1,trim,1,0.072722,0.007981
educ,pooled,1,0,1,0,0,full,1,0.101501,0.008955
educ,pooled,1,0,1,0,0,nohealth,1,0.101595,0.008974
educ,pooled,1,0,1,0,0,trim,1,0.095189,0.008100
educ,pooled,1,0,1,0,1,full,1,0.094247,0.010951
educ,pooled,1,0,1,0,1,nohealth,1,0.093918,0.010952
educ,pooled,1,0,1,0,1,trim,1,0.090213,0.009773
educ,pooled,0,1,1,0,0,full,1,0.074844,0.008144
educ,pooled,0,1,1,0,0,nohealth,1,0.074849,0.008184
educ,pooled,0,1,1,0,0,trim,1,0.072158,0.007200
educ,pooled,0,1,1,0,1,full,1,0.075516,0.008176
educ,pooled,0,1,1,0,1,nohealth,1,0.075610,0.008222
educ,pooled,0,1,1,0,1,trim,1,0.073148,0.007258
educ,pooled,1,1,1,0,0,full,1,0.097970,0.008435
educ,pooled,1,1,1,0,0,nohealth,1,0.098086,0.008477
educ,pooled,1,1,1,0,0,trim,1,0.092935,0.007324
educ,pooled,1,1,1,0,1,full,1,0.090909,0.010070
educ,pooled,1,1,1,0,1,nohealth,1,0.090725,0.010095
educ,pooled,1,1,1,0,1,trim,1,0.087403,0.008642
educ,pooled,0,0,0,1,0,full,1,0.076722,0.008790
educ,pooled,0,0,0,1,0,nohealth,1,0.077065,0.008813
educ,pooled,0,0,0,1,0,trim,1,0.072313,0.007940
educ,pooled,0,0,0,1,1,full,1,0.076771,0.008801
educ,pooled,0,0,0,1,1,nohealth,1,0.077091,0.008824
educ,pooled,0,0,0,1,1,trim,1,0.072993,0.007986
educ,pooled,1,0,0,1,0,full,1,0.101925,0.009017
educ,pooled,1,0,0,1,0,nohealth,1,0.102265,0.009028
educ,pooled,1,0,0,1,0,trim,1,0.095386,0.008088
educ,pooled,1,0,0,1,1,full,1,0.094430,0.011037
educ,pooled,1,0,0,1,1,nohealth,1,0.094283,0.011035
educ,pooled,1,0,0,1,1,trim,1,0.090163,0.009786
educ,pooled,0,1,0,1,0,full,1,0.074764,0.008346
educ,pooled,0,1,0,1,0,nohealth,1,0.075067,0.008390
educ,pooled,0,1,0,1,0,trim,1,0.072076,0.007359
educ,pooled,0,1,0,1,1,full,1,0.075725,0.008368
educ,pooled,0,1,0,1,1,nohealth,1,0.076059,0.008410
educ,pooled,0,1,0,1,1,trim,1,0.073288,0.007404
educ,pooled,1,1,0,1,0,full,1,0.098270,0.008577
educ,pooled,1,1,0,1,0,nohealth,1,0.098689,0.008607
educ,pooled,1,1,0,1,0,trim,1,0.093045,0.007422
educ,pooled,1,1,0,1,1,full,1,0.091142,0.010242
educ,pooled,1,1,0,1,1,nohealth,1,0.091195,0.010260
educ,pooled,1,1,0,1,1,trim,1,0.087413,0.008771
educ,pooled,0,0,1,1,0,full,1,0.076454,0.008686
educ,pooled,0,0,1,1,0,nohealth,1,0.076761,0.008715
educ,pooled,0,0,1,1,0,trim,1,0.072058,0.007912
educ,pooled,0,0,1,1,1,full,1,0.076273,0.008710
educ,pooled,0,0,1,1,1,nohealth,1,0.076558,0.008740
educ,pooled,0,0,1,1,1,trim,1,0.072552,0.007968
educ,pooled,1,0,1,1,0,full,1,0.101297,0.008955
educ,pooled,1,0,1,1,0,nohealth,1,0.101595,0.008974
educ,pooled,1,0,1,1,0,trim,1,0.094950,0.008098
educ,pooled,1,0,1,1,1,full,1,0.094099,0.010949
educ,pooled,1,0,1,1,1,nohealth,1,0.093918,0.010952
educ,pooled,1,0,1,1,1,trim,1,0.090034,0.009766
educ,pooled,0,1,1,1,0,full,1,0.074628,0.008133
educ,pooled,0,1,1,1,0,nohealth,1,0.074849,0.008184
educ,pooled,0,1,1,1,0,trim,1,0.071927,0.007187
educ,pooled,0,1,1,1,1,full,1,0.075356,0.008169
educ,pooled,0,1,1,1,1,nohealth,1,0.075610,0.008222
educ,pooled,0,1,1,1,1,trim,1,0.072962,0.007248
educ,pooled,1,1,1,1,0,full,1,0.097749,0.008437
educ,pooled,1,1,1,1,0,nohealth,1,0.098086,0.008477
educ,pooled,1,1,1,1,0,trim,1,0.092683,0.007326
educ,pooled,1,1,1,1,1,full,1,0.090749,0.010071
educ,pooled,1,1,1,1,1,nohealth,1,0.090725,0.010095
educ,pooled,1,1,1,1,1,trim,1,0.087215,0.008640
educ,between,0,0,0,0,0,full,1,0.076904,0.009010
educ,between,0,0,0,0,0,nohealth,1,0.076798,0.009003
educ,between,0,0,0,0,0,trim,1,0.074136,0.008279
educ,between,0,0,0,0,1,full,1,0.076904,0.009010
educ,between,0,0,0,0,1,nohealth,1,0.077768,0.009072
educ,between,0,0,0,0,1,trim,1,0.070138,0.008363
educ,between,1,0,0,0,0,full,1,0.098569,0.011231
educ,between,1,0,0,0,0,nohealth,1,0.097946,0.011219
educ,between,1,0,0,0,0,trim,1,0.093133,0.010406
educ,between,1,0,0,0,1,full,1,0.098569,0.011231
educ,between,1,0,0,0,1,nohealth,1,0.099595,0.011317
educ,between,1,0,0,0,1,trim,1,0.089580,0.010439
educ,between,0,1,0,0,0,full,1,0.076027,0.008627
educ,between,0,1,0,0,0,nohealth,1,0.075870,0.008620
educ,between,0,1,0,0,0,trim,1,0.074657,0.007750
educ,between,0,1,0,0,1,full,1,0.076027,0.008627
educ,between,0,1,0,0,1,nohealth,1,0.077135,0.008673
educ,between,0,1,0,0,1,trim,1,0.071289,0.007752
educ,between,1,1,0,0,0,full,1,0.096551,0.010401
educ,between,1,1,0,0,0,nohealth,1,0.095847,0.010395
educ,between,1,1,0,0,0,trim,1,0.091546,0.009423
educ,between,1,1,0,0,1,full,1,0.096551,0.010401
educ,between,1,1,0,0,1,nohealth,1,0.097836,0.010462
educ,between,1,1,0,0,1,trim,1,0.088440,0.009410
educ,between,0,0,1,0,0,full,1,0.076264,0.008992
educ,between,0,0,1,0,0,nohealth,1,0.076117,0.008984
educ,between,0,0,1,0,0,trim,1,0.073393,0.008264
educ,between,0,0,1,0,1,full,1,0.076264,0.008992
educ,between,0,0,1,0,1,nohealth,1,0.077125,0.009049
educ,between,0,0,1,0,1,trim,1,0.069708,0.008367
educ,between,1,0,1,0,0,full,1,0.097896,0.011185
educ,between,1,0,1,0,0,nohealth,1,0.097244,0.011172
educ,between,1,0,1,0,0,trim,1,0.092504,0.010363
educ,between,1,0,1,0,1,full,1,0.097896,0.011185
educ,between,1,0,1,0,1,nohealth,1,0.099049,0.011266
educ,between,1,0,1,0,1,trim,1,0.089198,0.010416
educ,between,0,1,1,0,0,full,1,0.075553,0.008537
educ,between,0,1,1,0,0,nohealth,1,0.075359,0.008527
educ,between,0,1,1,0,0,trim,1,0.073973,0.007649
educ,between,0,1,1,0,1,full,1,0.075553,0.008537
educ,between,0,1,1,0,1,nohealth,1,0.076689,0.008571
educ,between,0,1,1,0,1,trim,1,0.070943,0.007673
educ,between,1,1,1,0,0,full,1,0.095768,0.010296
educ,between,1,1,1,0,0,nohealth,1,0.095044,0.010286
educ,between,1,1,1,0,0,trim,1,0.090626,0.009299
educ,between,1,1,1,0,1,full,1,0.095768,0.010296
educ,between,1,1,1,0,1,nohealth,1,0.097219,0.010342
educ,between,1,1,1,0,1,trim,1,0.087849,0.009314
educ,between,0,0,0,1,0,full,1,0.076511,0.009024
educ,between,0,0,0,1,0,nohealth,1,0.076798,0.009003
educ,between,0,0,0,1,0,trim,1,0.073630,0.008287
educ,between,0,0,0,1,1,full,1,0.076511,0.009024
educ,between,0,0,0,1,1,nohealth,1,0.077768,0.009072
educ,between,0,0,0,1,1,trim,1,0.069740,0.008370
educ,between,1,0,0,1,0,full,1,0.098088,0.011249
educ,between,1,0,0,1,0,nohealth,1,0.097946,0.011219
educ,between,1,0,0,1,0,trim,1,0.092502,0.010417
educ,between,1,0,0,1,1,full,1,0.098088,0.011249
educ,between,1,0,0,1,1,nohealth,1,0.099595,0.011317
educ,between,1,0,0,1,1,trim,1,0.089036,0.010448
educ,between,0,1,0,1,0,full,1,0.075319,0.008639
educ,between,0,1,0,1,0,nohealth,1,0.075870,0.008620
educ,between,0,1,0,1,0,trim,1,0.073840,0.007754
educ,between,0,1,0,1,1,full,1,0.075319,0.008639
educ,between,0,1,0,1,1,nohealth,1,0.077135,0.008673
educ,between,0,1,0,1,1,trim,1,0.070656,0.007755
educ,between,1,1,0,1,0,full,1,0.095809,0.010415
educ,between,1,1,0,1,0,nohealth,1,0.095847,0.010395
educ,between,1,1,0,1,0,trim,1,0.090676,0.009427
educ,between,1,1,0,1,1,full,1,0.095809,0.010415
educ,between,1,1,0,1,1,nohealth,1,0.097836,0.010462
educ,between,1,1,0,1,1,trim,1,0.087730,0.009414
educ,between,0,0,1,1,0,full,1,0.075827,0.009008
educ,between,0,0,1,1,0,nohealth,1,0.076117,0.008984
educ,between,0,0,1,1,0,trim,1,0.072830,0.008272
educ,between,0,0,1,1,1,full,1,0.075827,0.009008
educ,between,0,0,1,1,1,nohealth,1,0.077125,0.009049
educ,between,0,0,1,1,1,trim,1,0.069247,0.008374
educ,between,1,0,1,1,0,full,1,0.097355,0.011205
educ,between,1,0,1,1,0,nohealth,1,0.097244,0.011172
educ,between,1,0,1,1,0,trim,1,0.091800,0.010374
educ,between,1,0,1,1,1,full,1,0.097355,0.011205
educ,between,1,0,1,1,1,nohealth,1,0.099049,0.011266
educ,between,1,0,1,1,1,trim,1,0.088573,0.010425
educ,between,0,1,1,1,0,full,1,0.074786,0.008550
educ,between,0,1,1,1,0,nohealth,1,0.075359,0.008527
educ,between,0,1,1,1,0,trim,1,0.073083,0.007651
educ,between,0,1,1,1,1,full,1,0.074786,0.008550
educ,between,0,1,1,1,1,nohealth,1,0.076689,0.008571
educ,between,0,1,1,1,1,trim,1,0.070225,0.007675
educ,between,1,1,1,1,0,full,1,0.094947,0.010311
educ,between,1,1,1,1,0,nohealth,1,0.095044,0.010286
educ,between,1,1,1,1,0,trim,1,0.089662,0.009302
educ,between,1,1,1,1,1,full,1,0.094947,0.010311
educ,between,1,1,1,1,1,nohealth,1,0.097219,0.010342
educ,between,1,1,1,1,1,trim,1,0.087030,0.009316
educ,random,0,0,0,0,0,full,1,0.076904,0.008805
educ,random,0,0,0,0,0,nohealth,1,0.076798,0.008811
educ,random,0,0,0,0,0,trim,1,0.074136,0.008032
educ,random,0,0,0,0,1,full,1,0.076904,0.008812
educ,random,0,0,0,0,1,nohealth,1,0.076863,0.008822
educ,random,0,0,0,0,1,trim,1,0.074856,0.008094
educ,random,1,0,0,0,0,full,1,0.102857,0.008642
educ,random,1,0,0,0,0,nohealth,1,0.102786,0.008675
educ,random,1,0,0,0,0,trim,1,0.098356,0.007888
educ,random,1,0,0,0,1,full,1,0.093253,0.011083
educ,random,1,0,0,0,1,nohealth,1,0.092679,0.011093
educ,random,1,0,0,0,1,trim,1,0.091272,0.009909
educ,random,0,1,0,0,0,full,1,0.073043,0.008459
educ,random,0,1,0,0,0,nohealth,1,0.073054,0.008491
educ,random,0,1,0,0,0,trim,1,0.071701,0.007606
educ,random,0,1,0,0,1,full,1,0.074903,0.008533
educ,random,0,1,0,0,1,nohealth,1,0.075019,0.008569
educ,random,0,1,0,0,1,trim,1,0.074014,0.007733
educ,random,1,1,0,0,0,full,1,0.099287,0.008395
educ,random,1,1,0,0,0,nohealth,1,0.099421,0.008454
educ,random,1,1,0,0,0,trim,1,0.095987,0.007555
educ,random,1,1,0,0,1,full,1,0.090520,0.010537
educ,random,1,1,0,0,1,nohealth,1,0.090125,0.010573
educ,random,1,1,0,0,1,trim,1,0.089022,0.009262
educ,random,0,0,1,0,0,full,1,0.078222,0.008657
educ,random,0,0,1,0,0,nohealth,1,0.078089,0.008667
educ,random,0,0,1,0,0,trim,1,0.075043,0.007916
educ,random,0,0,1,0,1,full,1,0.077170,0.008709
educ,random,0,0,1,0,1,nohealth,1,0.077086,0.008727
educ,random,0,0,1,0,1,trim,1,0.074924,0.008046
educ,random,1,0,1,0,0,full,1,0.102907,0.008552
educ,random,1,0,1,0,0,nohealth,1,0.102797,0.008592
educ,random,1,0,1,0,0,trim,1,0.098256,0.007845
educ,random,1,0,1,0,1,full,1,0.093909,0.010964
educ,random,1,0,1,0,1,nohealth,1,0.093326,0.010971
educ,random,1,0,1,0,1,trim,1,0.091848,0.009845
educ,random,0,1,1,0,0,full,1,0.074021,0.008266
educ,random,0,1,1,0,0,nohealth,1,0.073989,0.008306
educ,random,0,1,1,0,0,trim,1,0.072363,0.007451
educ,random,0,1,1,0,1,full,1,0.074988,0.008385
educ,random,0,1,1,0,1,nohealth,1,0.075071,0.008428
educ,random,0,1,1,0,1,trim,1,0.073819,0.007636
educ,random,1,1,1,0,0,full,1,0.099166,0.008266
educ,random,1,1,1,0,0,nohealth,1,0.099275,0.008330
educ,random,1,1,1,0,0,trim,1,0.095648,0.007470
educ,random,1,1,1,0,1,full,1,0.090931,0.010376
educ,random,1,1,1,0,1,nohealth,1,0.090538,0.010409
educ,random,1,1,1,0,1,trim,1,0.089287,0.009155
educ,random,0,0,0,1,0,full,1,0.076776,0.008796
educ,random,0,0,0,1,0,nohealth,1,0.076798,0.008811
educ,random,0,0,0,1,0,trim,1,0.073806,0.008012
educ,random,0,0,0,1,1,full,1,0.076840,0.008809
educ,random,0,0,0,1,1,nohealth,1,0.076863,0.008822
educ,random,0,0,0,1,1,trim,1,0.074791,0.008090
educ,random,1,0,0,1,0,full,1,0.102777,0.008643
educ,random,1,0,0,1,0,nohealth,1,0.102786,0.008675
educ,random,1,0,0,1,0,trim,1,0.098276,0.007890
educ,random,1,0,0,1,1,full,1,0.093200,0.011083
educ,random,1,0,0,1,1,nohealth,1,0.092679,0.011093
educ,random,1,0,0,1,1,trim,1,0.091217,0.009908
educ,random,0,1,0,1,0,full,1,0.072914,0.008452
educ,random,0,1,0,1,0,nohealth,1,0.073054,0.008491
educ,random,0,1,0,1,0,trim,1,0.071580,0.007600
educ,random,0,1,0,1,1,full,1,0.074841,0.008531
educ,random,0,1,0,1,1,nohealth,1,0.075019,0.008569
educ,random,0,1,0,1,1,trim,1,0.073951,0.007730
educ,random,1,1,0,1,0,full,1,0.099208,0.008398
educ,random,1,1,0,1,0,nohealth,1,0.099421,0.008454
educ,random,1,1,0,1,0,trim,1,0.095907,0.007557
educ,random,1,1,0,1,1,full,1,0.090468,0.010539
educ,random,1,1,0,1,1,nohealth,1,0.090125,0.010573
educ,random,1,1,0,1,1,trim,1,0.088969,0.009263
educ,random,0,0,1,1,0,full,1,0.078093,0.008648
educ,random,0,0,1,1,0,nohealth,1,0.078089,0.008667
educ,random,0,0,1,1,0,trim,1,0.074921,0.007907
educ,random,0,0,1,1,1,full,1,0.077107,0.008706
educ,random,0,0,1,1,1,nohealth,1,0.077086,0.008727
educ,random,0,0,1,1,1,trim,1,0.074861,0.008042
educ,random,1,0,1,1,0,full,1,0.102827,0.008553
educ,random,1,0,1,1,0,nohealth,1,0.102797,0.008592
educ,random,1,0,1,1,0,trim,1,0.098177,0.007846
educ,random,1,0,1,1,1,full,1,0.093856,0.010964
educ,random,1,0,1,1,1,nohealth,1,0.093326,0.010971
educ,random,1,0,1,1,1,trim,1,0.091793,0.009843
educ,random,0,1,1,1,0,full,1,0.073888,0.008259
educ,random,0,1,1,1,0,nohealth,1,0.073989,0.008306
educ,random,0,1,1,1,0,trim,1,0.072237,0.007444
educ,random,0,1,1,1,1,full,1,0.074924,0.008383
educ,random,0,1,1,1,1,nohealth,1,0.075071,0.008428
educ,random,0,1,1,1,1,trim,1,0.073755,0.007633
educ,random,1,1,1,1,0,full,1,0.099086,0.008268
educ,random,1,1,1,1,0,nohealth,1,0.099275,0.008330
educ,random,1,1,1,1,0,trim,1,0.095567,0.007472
educ,random,1,1,1,1,1,full,1,0.090878,0.010378
educ,random,1,1,1,1,1,nohealth,1,0.090538,0.010409
educ,random,1,1,1,1,1,trim,1,0.089232,0.009154
educ,within,0,0,0,0,0,full,0,NA,NA
educ,within,0,0,0,0,0,nohealth,0,NA,NA
educ,within,0,0,0,0,0,trim,0,NA,NA
educ,within,0,0,0,0,1,full,0,NA,NA
educ,within,0,0,0,0,1,nohealth,0,NA,NA
educ,within,0,0,0,0,1,trim,0,NA,NA
educ,within,1,0,0,0,0,full,0,NA,NA
educ,within,1,0,0,0,0,nohealth,0,NA,NA
educ,within,1,0,0,0,0,trim,0,NA,NA
educ,within,1,0,0,0,1,full,0,NA,NA
educ,within,1,0,0,0,1,nohealth,0,NA,NA
educ,within,1,0,0,0,1,trim,0,NA,NA
educ,within,0,1,0,0,0,full,0,NA,NA
educ,within,0,1,0,0,0,nohealth,0,NA,NA
educ,within,0,1,0,0,0,trim,0,NA,NA
educ,within,0,1,0,0,1,full,0,NA,NA
educ,within,0,1,0,0,1,nohealth,0,NA,NA
educ,within,0,1,0,0,1,trim,0,NA,NA
educ,within,1,1,0,0,0,full,0,NA,NA
educ,within,1,1,0,0,0,nohealth,0,NA,NA
educ,within,1,1,0,0,0,trim,0,NA,NA
educ,within,1,1,0,0,1,full,0,NA,NA
educ,within,1,1,0,0,1,nohealth,0,NA,NA
educ,within,1,1,0,0,1,trim,0,NA,NA
educ,within,0,0,1,0,0,full,0,NA,NA
educ,within,0,0,1,0,0,nohealth,0,NA,NA
educ,within,0,0,1,0,0,trim,0,NA,NA
educ,within,0,0,1,0,1,full,0,NA,NA
educ,within,0,0,1,0,1,nohealth,0,NA,NA
educ,within,0,0,1,0,1,trim,0,NA,NA
educ,within,1,0,1,0,0,full,0,NA,NA
educ,within,1,0,1,0,0,nohealth,0,NA,NA
educ,within,1,0,1,0,0,trim,0,NA,NA
educ,within,1,0,1,0,1,full,0,NA,NA
educ,within,1,0,1,0,1,nohealth,0,NA,NA
educ,within,1,0,1,0,1,trim,0,NA,NA
educ,within,0,1,1,0,0,full,0,NA,NA
educ,within,0,1,1,0,0,nohealth,0,NA,NA
educ,within,0,1,1,0,0,trim,0,NA,NA
educ,within,0,1,1,0,1,full,0,NA,NA
educ,within,0,1,1,0,1,nohealth,0,NA,NA
educ,within,0,1,1,0,1,trim,0,NA,NA
educ,within,1,1,1,0,0,full,0,NA,NA
educ,within,1,1,1,0,0,nohealth,0,NA,NA
educ,within,1,1,1,0,0,trim,0,NA,NA
educ,within,1,1,1,0,1,full,0,NA,NA
educ,within,1,1,1,0,1,nohealth,0,NA,NA
educ,within,1,1,1,0,1,trim,0,NA,NA
educ,within,0,0,0,1,0,full,0,NA,NA
educ,within,0,0,0,1,0,nohealth,0,NA,NA
educ,within,0,0,0,1,0,trim,0,NA,NA
educ,within,0,0,0,1,1,full,0,NA,NA
educ,within,0,0,0,1,1,nohealth,0,NA,NA
educ,within,0,0,0,1,1,trim,0,NA,NA
educ,within,1,0,0,1,0,full,0,NA,NA
educ,within,1,0,0,1,0,nohealth,0,NA,NA
educ,within,1,0,0,1,0,trim,0,NA,NA
educ,within,1,0,0,1,1,full,0,NA,NA
educ,within,1,0,0,1,1,nohealth,0,NA,NA
educ,within,1,0,0,1,1,trim,0,NA,NA
educ,within,0,1,0,1,0,full,0,NA,NA
educ,within,0,1,0,1,0,nohealth,0,NA,NA
educ,within,0,1,0,1,0,trim,0,NA,NA
educ,within,0,1,0,1,1,full,0,NA,NA
educ,within,0,1,0,1,1,nohealth,0,NA,NA
educ,within,0,1,0,1,1,trim,0,NA,NA
educ,within,1,1,0,1,0,full,0,NA,NA
educ,within,1,1,0,1,0,nohealth,0,NA,NA
educ,within,1,1,0,1,0,trim,0,NA,NA
educ,within,1,1,0,1,1,full,0,NA,NA
educ,within,1,1,0,1,1,nohealth,0,NA,NA
educ,within,1,1,0,1,1,trim,0,NA,NA
educ,within,0,0,1,1,0,full,0,NA,NA
educ,within,0,0,1,1,0,nohealth,0,NA,NA
educ,within,0,0,1,1,0,trim,0,NA,NA
educ,within,0,0,1,1,1,full,0,NA,NA
educ,within,0,0,1,1,1,nohealth,0,NA,NA
educ,within,0,0,1,1,1,trim,0,NA,NA
educ,within,1,0,1,1,0,full,0,NA,NA
educ,within,1,0,1,1,0,nohealth,0,NA,NA
educ,within,1,0,1,1,0,trim,0,NA,NA
educ,within,1,0,1,1,1,full,0,NA,NA
educ,within,1,0,1,1,1,nohealth,0,NA,NA
educ,within,1,0,1,1,1,trim,0,NA,NA
educ,within,0,1,1,1,0,full,0,NA,NA
educ,within,0,1,1,1,0,nohealth,0,NA,NA
educ,within,0,1,1,1,0,trim,0,NA,NA
educ,within,0,1,1,1,1,full,0,NA,NA
educ,within,0,1,1,1,1,nohealth,0,NA,NA
educ,within,0,1,1,1,1,trim,0,NA,NA
educ,within,1,1,1,1,0,full,0,NA,NA
educ,within,1,1,1,1,0,nohealth,0,NA,NA
educ,within,1,1,1,1,0,trim,0,NA,NA
educ,within,1,1,1,1,1,full,0,NA,NA
educ,within,1,1,1,1,1,nohealth,0,NA,NA
educ,within,1,1,1,1,1,trim,0,NA,NA
educ,fd,0,0,0,0,0,full,0,NA,NA
educ,fd,0,0,0,0,0,nohealth,0,NA,NA
educ,fd,0,0,0,0,0,trim,0,NA,NA
educ,fd,0,0,0,0,1,full,0,NA,NA
educ,fd,0,0,0,0,1,nohealth,0,NA,NA
educ,fd,0,0,0,0,1,trim,0,NA,NA
educ,fd,1,0,0,0,0,full,0,NA,NA
educ,fd,1,0,0,0,0,nohealth,0,NA,NA
educ,fd,1,0,0,0,0,trim,0,NA,NA
educ,fd,1,0,0,0,1,full,0,NA,NA
educ,fd,1,0,0,0,1,nohealth,0,NA,NA
educ,fd,1,0,0,0,1,trim,0,NA,NA
educ,fd,0,1,0,0,0,full,0,NA,NA
educ,fd,0,1,0,0,0,nohealth,0,NA,NA
educ,fd,0,1,0,0,0,trim,0,NA,NA
educ,fd,0,1,0,0,1,full,0,NA,NA
educ,fd,0,1,0,0,1,nohealth,0,NA,NA
educ,fd,0,1,0,0,1,trim,0,NA,NA
educ,fd,1,1,0,0,0,full,0,NA,NA
educ,fd,1,1,0,0,0,nohealth,0,NA,NA
educ,fd,1,1,0,0,0,trim,0,NA,NA
educ,fd,1,1,0,0,1,full,0,NA,NA
educ,fd,1,1,0,0,1,nohealth,0,NA,NA
educ,fd,1,1,0,0,1,trim,0,NA,NA
educ,fd,0,0,1,0,0,full,0,NA,NA
educ,fd,0,0,1,0,0,nohealth,0,NA,NA
educ,fd,0,0,1,0,0,trim,0,NA,NA
educ,fd,0,0,1,0,1,full,0,NA,NA
educ,fd,0,0,1,0,1,nohealth,0,NA,NA
educ,fd,0,0,1,0,1,trim,0,NA,NA
educ,fd,1,0,1,0,0,full,0,NA,NA
educ,fd,1,0,1,0,0,nohealth,0,NA,NA
educ,fd,1,0,1,0,0,trim,0,NA,NA
educ,fd,1,0,1,0,1,full,0,NA,NA
educ,fd,1,0,1,0,1,nohealth,0,NA,NA
educ,fd,1,0,1,0,1,trim,0,NA,NA
educ,fd,0,1,1,0,0,full,0,NA,NA
educ,fd,0,1,1,0,0,nohealth,0,NA,NA
educ,fd,0,1,1,0,0,trim,0,NA,NA
educ,fd,0,1,1,0,1,full,0,NA,NA
educ,fd,0,1,1,0,1,nohealth,0,NA,NA
educ,fd,0,1,1,0,1,trim,0,NA,NA
educ,fd,1,1,1,0,0,full,0,NA,NA
educ,fd,1,1,1,0,0,nohealth,0,NA,NA
educ,fd,1,1,1,0,0,trim,0,NA,NA
educ,fd,1,1,1,0,1,full,0,NA,NA
educ,fd,1,1,1,0,1,nohealth,0,NA,NA
educ,fd,1,1,1,0,1,trim,0,NA,NA
educ,fd,0,0,0,1,0,full,0,NA,NA
educ,fd,0,0,0,1,0,nohealth,0,NA,NA
educ,fd,0,0,0,1,0,trim,0,NA,NA
educ,fd,0,0,0,1,1,full,0,NA,NA
educ,fd,0,0,0,1,1,nohealth,0,NA,NA
educ,fd,0,0,0,1,1,trim,0,NA,NA
educ,fd,1,0,0,1,0,full,0,NA,NA
educ,fd,1,0,0,1,0,nohealth,0,NA,NA
educ,fd,1,0,0,1,0,trim,0,NA,NA
educ,fd,1,0,0,1,1,full,0,NA,NA
educ,fd,1,0,0,1,1,nohealth,0,NA,NA
educ,fd,1,0,0,1,1,trim,0,NA,NA
educ,fd,0,1,0,1,0,full,0,NA,NA
educ,fd,0,1,0,1,0,nohealth,0,NA,NA
educ,fd,0,1,0,1,0,trim,0,NA,NA
educ,fd,0,1,0,1,1,full,0,NA,NA
educ,fd,0,1,0,1,1,nohealth,0,NA,NA
educ,fd,0,1,0,1,1,trim,0,NA,NA
educ,fd,1,1,0,1,0,full,0,NA,NA
educ,fd,1,1,0,1,0,nohealth,0,NA,NA
educ,fd,1,1,0,1,0,trim,0,NA,NA
educ,fd,1,1,0,1,1,full,0,NA,NA
educ,fd,1,1,0,1,1,nohealth,0,NA,NA
educ,fd,1,1,0,1,1,trim,0,NA,NA
educ,fd,0,0,1,1,0,full,0,NA,NA
educ,fd,0,0,1,1,0,nohealth,0,NA,NA
educ,fd,0,0,1,1,0,trim,0,NA,NA
educ,fd,0,0,1,1,1,full,0,NA,NA
educ,fd,0,0,1,1,1,nohealth,0,NA,NA
educ,fd,0,0,1,1,1,trim,0,NA,NA
educ,fd,1,0,1,1,0,full,0,NA,NA
educ,fd,1,0,1,1,0,nohealth,0,NA,NA
educ,fd,1,0,1,1,0,trim,0,NA,NA
educ,fd,1,0,1,1,1,full,0,NA,NA
educ,fd,1,0,1,1,1,nohealth,0,NA,NA
educ,fd,1,0,1,1,1,trim,0,NA,NA
educ,fd,0,1,1,1,0,full,0,NA,NA
educ,fd,0,1,1,1,0,nohealth,0,NA,NA
educ,fd,0,1,1,1,0,trim,0,NA,NA
educ,fd,0,1,1,1,1,full,0,NA,NA
educ,fd,0,1,1,1,1,nohealth,0,NA,NA
educ,fd,0,1,1,1,1,trim,0,NA,NA
educ,fd,1,1,1,1,0,full,0,NA,NA
educ,fd,1,1,1,1,0,nohealth,0,NA,NA
educ,fd,1,1,1,1,0,trim,0,NA,NA
educ,fd,1,1,1,1,1,full,0,NA,NA
educ,fd,1,1,1,1,1,nohealth,0,NA,NA
educ,fd,1,1,1,1,1,trim,0,NA,NA
